<?xml version="1.0"?>
<Report>
    <ReportQuery>
        <Format>
            <ReportTitle>VENTAS - Pagos Anticipados de Pedidos de Clientes</ReportTitle>
            <ReportDescription>Diseño de impresión para Pagos de Anticipos en pedidos de venta.
                &lt;br/&gt;
                &lt;b&gt;Diseñado por:&lt;/b&gt; Jorge L. Almendros
                &lt;br/&gt;
                &lt;b&gt;Adaptado a FacturaScripts por:&lt;/b&gt; Francesc Pineda Segarra
            </ReportDescription>
            <PageSize>.DEFAULT</PageSize>
            <PageOrientation>.DEFAULT</PageOrientation>
            <TopMargin></TopMargin>
            <BottomMargin></BottomMargin>
            <RightMargin></RightMargin>
            <LeftMargin></LeftMargin>
            <pdfFont>dejavusans</pdfFont>
            <pdfFontSize></pdfFontSize>
            <PreExecuteCode>NONE</PreExecuteCode>
            <formBetweenRows>blankline</formBetweenRows>
            <gridDisplay>hide</gridDisplay>
            <gridSortable>.DEFAULT</gridSortable>
            <gridSearchable>.DEFAULT</gridSearchable>
            <gridPageable>.DEFAULT</gridPageable>
            <gridPageSize>.DEFAULT</gridPageSize>
        </Format>
        <Datasource>
            <SourceType>database</SourceType>
            <SourceConnection>
                <DatabaseType>mysql</DatabaseType>
                <DatabaseName></DatabaseName>
                <HostName></HostName>
                <ServiceName></ServiceName>
                <UserName></UserName>
                <Password></Password>
            </SourceConnection>
        </Datasource>
        <EntryForm>
            <Query>
                <TableSql></TableSql>
                <WhereSql></WhereSql>
                <GroupSql></GroupSql>
                <RowSelection>all</RowSelection>
                <SQL>
                    <QuerySql></QuerySql>
                    <SQLRaw>SELECT

                        pagos.id,
                        pagos.idpedido,
                        pagos.importe,
                        pagos.nota,
                        pagos.fecha,

                        pedidoscli.idpedido,
                        pedidoscli.codigo,
                        pedidoscli.nombrecliente,
                        pedidoscli.direccion,
                        pedidoscli.ciudad,
                        pedidoscli.cifnif,

                        empresa.id idemp,
                        empresa.direccion diremp,
                        empresa.codpostal cpemp,
                        empresa.ciudad poblemp,
                        empresa.telefono telemp,
                        empresa.web webemp,
                        empresa.pie_factura piefacemp,

                        agentes.codagente,
                        agentes.nombre agnom,
                        fs_users.email agmail
                        
                        FROM pagos
                        LEFT JOIN pedidoscli ON pagos.idpedido=pedidoscli.idpedido
                        LEFT JOIN empresa ON empresa.id = 1
                        LEFT JOIN agentes ON pedidoscli.codagente=agentes.codagente
                        LEFT JOIN fs_users ON agentes.codagente = fs_users.codagente

                        ORDER BY pagos.id DESC
                    </SQLRaw>
                </SQL>
                <QueryColumns>
                    <QueryColumn>
                        <Name>id</Name>
                        <TableName>pagos</TableName>
                        <ColumnName>id</ColumnName>
                        <ColumnType>char</ColumnType>
                        <ColumnLength>30</ColumnLength>
                        <Format>
                            <column_display>hide</column_display>
                            <content_type>plain</content_type>
                            <ColumnStartPDF></ColumnStartPDF>
                            <justify>center</justify>
                            <ColumnWidthPDF>15%</ColumnWidthPDF>
                            <ColumnWidthHTML></ColumnWidthHTML>
                            <column_title>Núm. Anticipo</column_title>
                            <tooltip></tooltip>
                            <group_header_label>0</group_header_label>
                            <group_header_label_xpos></group_header_label_xpos>
                            <group_header_data_xpos></group_header_data_xpos>
                            <group_trailer_label>0</group_trailer_label>
                        </Format>
                    </QueryColumn>
                    <QueryColumn>
                        <Name>idpedido</Name>
                        <TableName>pedidoscli</TableName>
                        <ColumnName>idpedido</ColumnName>
                        <ColumnType>char</ColumnType>
                        <ColumnLength>30</ColumnLength>
                        <Format>
                            <column_display>hide</column_display>
                            <content_type>plain</content_type>
                            <ColumnStartPDF></ColumnStartPDF>
                            <justify>left</justify>
                            <ColumnWidthPDF>90%</ColumnWidthPDF>
                            <ColumnWidthHTML></ColumnWidthHTML>
                            <column_title>Recibo Núm.:</column_title>
                            <tooltip></tooltip>
                            <group_header_label>0</group_header_label>
                            <group_header_label_xpos></group_header_label_xpos>
                            <group_header_data_xpos></group_header_data_xpos>
                            <group_trailer_label>0</group_trailer_label>
                        </Format>
                    </QueryColumn>
                    <QueryColumn>
                        <Name>importe</Name>
                        <TableName>pagos</TableName>
                        <ColumnName>importe</ColumnName>
                        <ColumnType>char</ColumnType>
                        <ColumnLength>30</ColumnLength>
                        <Format>
                            <column_display>hide</column_display>
                            <content_type>plain</content_type>
                            <ColumnStartPDF></ColumnStartPDF>
                            <justify>left</justify>
                            <ColumnWidthPDF>90%</ColumnWidthPDF>
                            <ColumnWidthHTML></ColumnWidthHTML>
                            <column_title></column_title>
                            <tooltip></tooltip>
                            <group_header_label>0</group_header_label>
                            <group_header_label_xpos></group_header_label_xpos>
                            <group_header_data_xpos></group_header_data_xpos>
                            <group_trailer_label>0</group_trailer_label>
                        </Format>
                    </QueryColumn>
                    <QueryColumn>
                        <Name>nota</Name>
                        <TableName>pagos</TableName>
                        <ColumnName>nota</ColumnName>
                        <ColumnType>char</ColumnType>
                        <ColumnLength>30</ColumnLength>
                        <Format>
                            <column_display>hide</column_display>
                            <content_type>plain</content_type>
                            <ColumnStartPDF></ColumnStartPDF>
                            <justify>left</justify>
                            <ColumnWidthPDF></ColumnWidthPDF>
                            <ColumnWidthHTML></ColumnWidthHTML>
                            <column_title>Concepto...:</column_title>
                            <tooltip></tooltip>
                            <group_header_label>0</group_header_label>
                            <group_header_label_xpos></group_header_label_xpos>
                            <group_header_data_xpos></group_header_data_xpos>
                            <group_trailer_label>0</group_trailer_label>
                        </Format>
                    </QueryColumn>
                    <QueryColumn>
                        <Name>fecha</Name>
                        <TableName>pagos</TableName>
                        <ColumnName>fecha</ColumnName>
                        <ColumnType>char</ColumnType>
                        <ColumnLength>30</ColumnLength>
                        <Format>
                            <column_display>hide</column_display>
                            <content_type>plain</content_type>
                            <ColumnStartPDF></ColumnStartPDF>
                            <justify>left</justify>
                            <ColumnWidthPDF>12%</ColumnWidthPDF>
                            <ColumnWidthHTML></ColumnWidthHTML>
                            <column_title></column_title>
                            <tooltip></tooltip>
                            <group_header_label>0</group_header_label>
                            <group_header_label_xpos></group_header_label_xpos>
                            <group_header_data_xpos></group_header_data_xpos>
                            <group_trailer_label>0</group_trailer_label>
                        </Format>
                    </QueryColumn>
                    <QueryColumn>
                        <Name>codigo</Name>
                        <TableName>pedidoscli</TableName>
                        <ColumnName>codigo</ColumnName>
                        <ColumnType>char</ColumnType>
                        <ColumnLength>30</ColumnLength>
                        <Format>
                            <column_display>hide</column_display>
                            <content_type>plain</content_type>
                            <ColumnStartPDF></ColumnStartPDF>
                            <justify>left</justify>
                            <ColumnWidthPDF>70%</ColumnWidthPDF>
                            <ColumnWidthHTML></ColumnWidthHTML>
                            <column_title>Número Pedido...:</column_title>
                            <tooltip></tooltip>
                            <group_header_label>0</group_header_label>
                            <group_header_label_xpos></group_header_label_xpos>
                            <group_header_data_xpos></group_header_data_xpos>
                            <group_trailer_label>0</group_trailer_label>
                        </Format>
                    </QueryColumn>
                    <QueryColumn>
                        <Name>nombrecliente</Name>
                        <TableName>pedidoscli</TableName>
                        <ColumnName>nombrecliente</ColumnName>
                        <ColumnType>char</ColumnType>
                        <ColumnLength>30</ColumnLength>
                        <Format>
                            <column_display>hide</column_display>
                            <content_type>plain</content_type>
                            <ColumnStartPDF></ColumnStartPDF>
                            <justify>left</justify>
                            <ColumnWidthPDF></ColumnWidthPDF>
                            <ColumnWidthHTML></ColumnWidthHTML>
                            <column_title></column_title>
                            <tooltip></tooltip>
                            <group_header_label>0</group_header_label>
                            <group_header_label_xpos></group_header_label_xpos>
                            <group_header_data_xpos></group_header_data_xpos>
                            <group_trailer_label>0</group_trailer_label>
                        </Format>
                    </QueryColumn>
                    <QueryColumn>
                        <Name>direccion</Name>
                        <TableName>pedidoscli</TableName>
                        <ColumnName>direccion</ColumnName>
                        <ColumnType>char</ColumnType>
                        <ColumnLength>30</ColumnLength>
                        <Format>
                            <column_display>hide</column_display>
                            <content_type>plain</content_type>
                            <ColumnStartPDF></ColumnStartPDF>
                            <justify>left</justify>
                            <ColumnWidthPDF></ColumnWidthPDF>
                            <ColumnWidthHTML></ColumnWidthHTML>
                            <column_title></column_title>
                            <tooltip></tooltip>
                            <group_header_label>0</group_header_label>
                            <group_header_label_xpos></group_header_label_xpos>
                            <group_header_data_xpos></group_header_data_xpos>
                            <group_trailer_label>0</group_trailer_label>
                        </Format>
                    </QueryColumn>
                    <QueryColumn>
                        <Name>ciudad</Name>
                        <TableName>pedidoscli</TableName>
                        <ColumnName>ciudad</ColumnName>
                        <ColumnType>char</ColumnType>
                        <ColumnLength>30</ColumnLength>
                        <Format>
                            <column_display>hide</column_display>
                            <content_type>plain</content_type>
                            <ColumnStartPDF></ColumnStartPDF>
                            <justify>left</justify>
                            <ColumnWidthPDF></ColumnWidthPDF>
                            <ColumnWidthHTML></ColumnWidthHTML>
                            <column_title></column_title>
                            <tooltip></tooltip>
                            <group_header_label>0</group_header_label>
                            <group_header_label_xpos></group_header_label_xpos>
                            <group_header_data_xpos></group_header_data_xpos>
                            <group_trailer_label>0</group_trailer_label>
                        </Format>
                    </QueryColumn>
                    <QueryColumn>
                        <Name>cifnif</Name>
                        <TableName>pedidoscli</TableName>
                        <ColumnName>cifnif</ColumnName>
                        <ColumnType>char</ColumnType>
                        <ColumnLength>30</ColumnLength>
                        <Format>
                            <column_display>hide</column_display>
                            <content_type>plain</content_type>
                            <ColumnStartPDF></ColumnStartPDF>
                            <justify>left</justify>
                            <ColumnWidthPDF></ColumnWidthPDF>
                            <ColumnWidthHTML></ColumnWidthHTML>
                            <column_title></column_title>
                            <tooltip></tooltip>
                            <group_header_label>0</group_header_label>
                            <group_header_label_xpos></group_header_label_xpos>
                            <group_header_data_xpos></group_header_data_xpos>
                            <group_trailer_label>0</group_trailer_label>
                        </Format>
                    </QueryColumn>
                    <QueryColumn>
                        <Name>idemp</Name>
                        <TableName>empresa</TableName>
                        <ColumnName>id</ColumnName>
                        <ColumnType>char</ColumnType>
                        <ColumnLength>30</ColumnLength>
                        <Format>
                            <column_display>hide</column_display>
                            <content_type>plain</content_type>
                            <ColumnStartPDF></ColumnStartPDF>
                            <justify>left</justify>
                            <ColumnWidthPDF></ColumnWidthPDF>
                            <ColumnWidthHTML></ColumnWidthHTML>
                            <column_title></column_title>
                            <tooltip></tooltip>
                            <group_header_label>0</group_header_label>
                            <group_header_label_xpos></group_header_label_xpos>
                            <group_header_data_xpos></group_header_data_xpos>
                            <group_trailer_label>0</group_trailer_label>
                        </Format>
                    </QueryColumn>
                    <QueryColumn>
                        <Name>diremp</Name>
                        <TableName>empresa</TableName>
                        <ColumnName>direccion</ColumnName>
                        <ColumnType>char</ColumnType>
                        <ColumnLength>30</ColumnLength>
                        <Format>
                            <column_display>hide</column_display>
                            <content_type>plain</content_type>
                            <ColumnStartPDF></ColumnStartPDF>
                            <justify>left</justify>
                            <ColumnWidthPDF></ColumnWidthPDF>
                            <ColumnWidthHTML></ColumnWidthHTML>
                            <column_title></column_title>
                            <tooltip></tooltip>
                            <group_header_label>0</group_header_label>
                            <group_header_label_xpos></group_header_label_xpos>
                            <group_header_data_xpos></group_header_data_xpos>
                            <group_trailer_label>0</group_trailer_label>
                        </Format>
                    </QueryColumn>
                    <QueryColumn>
                        <Name>cpemp</Name>
                        <TableName>empresa</TableName>
                        <ColumnName>codpostal</ColumnName>
                        <ColumnType>char</ColumnType>
                        <ColumnLength>30</ColumnLength>
                        <Format>
                            <column_display>hide</column_display>
                            <content_type>plain</content_type>
                            <ColumnStartPDF></ColumnStartPDF>
                            <justify>left</justify>
                            <ColumnWidthPDF></ColumnWidthPDF>
                            <ColumnWidthHTML></ColumnWidthHTML>
                            <column_title></column_title>
                            <tooltip></tooltip>
                            <group_header_label>0</group_header_label>
                            <group_header_label_xpos></group_header_label_xpos>
                            <group_header_data_xpos></group_header_data_xpos>
                            <group_trailer_label>0</group_trailer_label>
                        </Format>
                    </QueryColumn>
                    <QueryColumn>
                        <Name>codagente</Name>
                        <TableName>agentes</TableName>
                        <ColumnName>codagente</ColumnName>
                        <ColumnType>char</ColumnType>
                        <ColumnLength>30</ColumnLength>
                        <Format>
                            <column_display>hide</column_display>
                            <content_type>plain</content_type>
                            <ColumnStartPDF></ColumnStartPDF>
                            <justify>left</justify>
                            <ColumnWidthPDF></ColumnWidthPDF>
                            <ColumnWidthHTML></ColumnWidthHTML>
                            <column_title></column_title>
                            <tooltip></tooltip>
                            <group_header_label>0</group_header_label>
                            <group_header_label_xpos></group_header_label_xpos>
                            <group_header_data_xpos></group_header_data_xpos>
                            <group_trailer_label>0</group_trailer_label>
                        </Format>
                    </QueryColumn>
                    <QueryColumn>
                        <Name>poblemp</Name>
                        <TableName>empresa</TableName>
                        <ColumnName>ciudad</ColumnName>
                        <ColumnType>char</ColumnType>
                        <ColumnLength>30</ColumnLength>
                        <Format>
                            <column_display>hide</column_display>
                            <content_type>plain</content_type>
                            <ColumnStartPDF></ColumnStartPDF>
                            <justify>left</justify>
                            <ColumnWidthPDF></ColumnWidthPDF>
                            <ColumnWidthHTML></ColumnWidthHTML>
                            <column_title></column_title>
                            <tooltip></tooltip>
                            <group_header_label>0</group_header_label>
                            <group_header_label_xpos></group_header_label_xpos>
                            <group_header_data_xpos></group_header_data_xpos>
                            <group_trailer_label>0</group_trailer_label>
                        </Format>
                    </QueryColumn>
                    <QueryColumn>
                        <Name>telemp</Name>
                        <TableName>empresa</TableName>
                        <ColumnName>telefono</ColumnName>
                        <ColumnType>char</ColumnType>
                        <ColumnLength>30</ColumnLength>
                        <Format>
                            <column_display>hide</column_display>
                            <content_type>plain</content_type>
                            <ColumnStartPDF></ColumnStartPDF>
                            <justify>left</justify>
                            <ColumnWidthPDF></ColumnWidthPDF>
                            <ColumnWidthHTML></ColumnWidthHTML>
                            <column_title></column_title>
                            <tooltip></tooltip>
                            <group_header_label>0</group_header_label>
                            <group_header_label_xpos></group_header_label_xpos>
                            <group_header_data_xpos></group_header_data_xpos>
                            <group_trailer_label>0</group_trailer_label>
                        </Format>
                    </QueryColumn>
                    <QueryColumn>
                        <Name>webemp</Name>
                        <TableName>empresa</TableName>
                        <ColumnName>web</ColumnName>
                        <ColumnType>char</ColumnType>
                        <ColumnLength>30</ColumnLength>
                        <Format>
                            <column_display>hide</column_display>
                            <content_type>plain</content_type>
                            <ColumnStartPDF></ColumnStartPDF>
                            <justify>left</justify>
                            <ColumnWidthPDF></ColumnWidthPDF>
                            <ColumnWidthHTML></ColumnWidthHTML>
                            <column_title></column_title>
                            <tooltip></tooltip>
                            <group_header_label>0</group_header_label>
                            <group_header_label_xpos></group_header_label_xpos>
                            <group_header_data_xpos></group_header_data_xpos>
                            <group_trailer_label>0</group_trailer_label>
                        </Format>
                    </QueryColumn>
                    <QueryColumn>
                        <Name>piefacemp</Name>
                        <TableName>empresa</TableName>
                        <ColumnName>pie_factura</ColumnName>
                        <ColumnType>char</ColumnType>
                        <ColumnLength>30</ColumnLength>
                        <Format>
                            <column_display>hide</column_display>
                            <content_type>plain</content_type>
                            <ColumnStartPDF></ColumnStartPDF>
                            <justify>left</justify>
                            <ColumnWidthPDF></ColumnWidthPDF>
                            <ColumnWidthHTML></ColumnWidthHTML>
                            <column_title></column_title>
                            <tooltip></tooltip>
                            <group_header_label>0</group_header_label>
                            <group_header_label_xpos></group_header_label_xpos>
                            <group_header_data_xpos></group_header_data_xpos>
                            <group_trailer_label>0</group_trailer_label>
                        </Format>
                    </QueryColumn>
                    <QueryColumn>
                        <Name>agnom</Name>
                        <TableName>agentes</TableName>
                        <ColumnName>nombre</ColumnName>
                        <ColumnType>char</ColumnType>
                        <ColumnLength>30</ColumnLength>
                        <Format>
                            <column_display>hide</column_display>
                            <content_type>plain</content_type>
                            <ColumnStartPDF></ColumnStartPDF>
                            <justify>left</justify>
                            <ColumnWidthPDF></ColumnWidthPDF>
                            <ColumnWidthHTML></ColumnWidthHTML>
                            <column_title></column_title>
                            <tooltip></tooltip>
                            <group_header_label>0</group_header_label>
                            <group_header_label_xpos></group_header_label_xpos>
                            <group_header_data_xpos></group_header_data_xpos>
                            <group_trailer_label>0</group_trailer_label>
                        </Format>
                    </QueryColumn>
                    <QueryColumn>
                        <Name>agmail</Name>
                        <TableName>fs_users</TableName>
                        <ColumnName>email</ColumnName>
                        <ColumnType>char</ColumnType>
                        <ColumnLength>30</ColumnLength>
                        <Format>
                            <column_display>hide</column_display>
                            <content_type>plain</content_type>
                            <ColumnStartPDF></ColumnStartPDF>
                            <justify>left</justify>
                            <ColumnWidthPDF></ColumnWidthPDF>
                            <ColumnWidthHTML></ColumnWidthHTML>
                            <column_title></column_title>
                            <tooltip></tooltip>
                            <group_header_label>0</group_header_label>
                            <group_header_label_xpos></group_header_label_xpos>
                            <group_header_data_xpos></group_header_data_xpos>
                            <group_trailer_label>0</group_trailer_label>
                        </Format>
                    </QueryColumn>
                </QueryColumns>
                <OrderColumns></OrderColumns>
                <PreSQLS></PreSQLS>
            </Query>
            <Assignments>
                <Assignment>
                    <AssignName>importe</AssignName>
                    <AssignNameNew></AssignNameNew>
                    <Expression>&quot;##&quot;.number_format(({importe}),2,',','.').&quot;€##&quot;</Expression>
                    <Condition></Condition>
                </Assignment>
                <Assignment>
                    <AssignName>idpedido</AssignName>
                    <AssignNameNew></AssignNameNew>
                    <Expression>{id}.&quot; | &quot;.{codigo}.&quot; Importe: &quot;.{importe}.&quot;\n&quot;.&quot;\n&quot;.&quot;\n&quot;</Expression>
                    <Condition></Condition>
                </Assignment>
                <Assignment>
                    <AssignName>agnom</AssignName>
                    <AssignNameNew></AssignNameNew>
                    <Expression>&quot;Le atendió: &quot;.{agnom}.&quot; (&quot;.{agmail}.&quot;) &quot;.{telemp}.&quot;
                        &quot;.{diremp}.&quot; &quot;.{cpemp}.&quot; - &quot;.{poblemp}
                    </Expression>
                    <Condition></Condition>
                </Assignment>
                <Assignment>
                    <AssignName>nota</AssignName>
                    <AssignNameNew></AssignNameNew>
                    <Expression>{nota}.&quot;\n&quot;.&quot;Núm de Pedido...:&quot;. {codigo}</Expression>
                    <Condition></Condition>
                </Assignment>
            </Assignments>
            <Criteria>
                <CriteriaItem>
                    <Name>idpedido</Name>
                    <Title>Recibo del Pedido:</Title>
                    <QueryTableName></QueryTableName>
                    <QueryColumnName>pedidoscli.idpedido</QueryColumnName>
                    <CriteriaType>LOOKUP</CriteriaType>
                    <CriteriaDisplay>NOINPUT</CriteriaDisplay>
                    <ExpandDisplay>NOINPUT</ExpandDisplay>
                    <ReturnColumn>idpedido</ReturnColumn>
                    <DisplayColumn>idpedido</DisplayColumn>
                    <OverviewColumn>idpedido</OverviewColumn>
                    <MatchColumn>codigo</MatchColumn>
                    <CriteriaDefaults></CriteriaDefaults>
                    <CriteriaList></CriteriaList>
                    <Query>
                        <TableSql></TableSql>
                        <WhereSql></WhereSql>
                        <GroupSql></GroupSql>
                        <RowSelection></RowSelection>
                        <SQLRaw>SELECT pedidoscli.idpedido
                            FROM pedidoscli
                            [WHERE pedidoscli.idpedido = {idpedido,VALUE}]
                        </SQLRaw>
                        <SQL>
                            <QuerySql></QuerySql>
                        </SQL>
                        <QueryColumns>
                            <QueryColumn>
                                <Name>idpedido</Name>
                                <TableName>pedidoscli</TableName>
                                <ColumnName>idpedido</ColumnName>
                                <ColumnType>char</ColumnType>
                                <ColumnLength>30</ColumnLength>
                                <Format>
                                    <column_display>show</column_display>
                                    <content_type>plain</content_type>
                                    <justify>left</justify>
                                </Format>
                            </QueryColumn>
                            <QueryColumn>
                                <Name>codigo</Name>
                                <TableName>pedidoscli</TableName>
                                <ColumnName>codigo</ColumnName>
                                <ColumnType>char</ColumnType>
                                <ColumnLength>30</ColumnLength>
                                <Format>
                                    <column_display>show</column_display>
                                    <content_type>plain</content_type>
                                    <justify>left</justify>
                                </Format>
                            </QueryColumn>
                            <QueryColumn>
                                <Name>id</Name>
                                <TableName>pagos</TableName>
                                <ColumnName>id</ColumnName>
                                <ColumnType>char</ColumnType>
                                <ColumnLength>30</ColumnLength>
                                <Format>
                                    <column_display>show</column_display>
                                    <content_type>plain</content_type>
                                    <justify>left</justify>
                                </Format>
                            </QueryColumn>
                        </QueryColumns>
                        <OrderColumns></OrderColumns>
                        <Assignments></Assignments>
                    </Query>
                    <CriteriaLinks></CriteriaLinks>
                </CriteriaItem>
            </Criteria>
            <Output>
                <PageHeaders>
                    <PageHeader>
                        <LineNumber>1</LineNumber>
                        <HeaderText>{poblemp}, date('d-m-Y H:i:s')</HeaderText>
                        <Format>
                            <ColumnStartPDF></ColumnStartPDF>
                            <justify>right</justify>
                            <ColumnWidthPDF></ColumnWidthPDF>
                            <ShowInPDF>yes</ShowInPDF>
                            <ShowInHTML>yes</ShowInHTML>
                        </Format>
                    </PageHeader>
                </PageHeaders>
                <PageFooters></PageFooters>
                <DisplayOrders>
                    <DisplayOrder>
                        <ColumnName>codigo</ColumnName>
                        <OrderNumber>1</OrderNumber>
                    </DisplayOrder>
                    <DisplayOrder>
                        <ColumnName>id</ColumnName>
                        <OrderNumber>2</OrderNumber>
                    </DisplayOrder>
                    <DisplayOrder>
                        <ColumnName>fecha</ColumnName>
                        <OrderNumber>3</OrderNumber>
                    </DisplayOrder>
                    <DisplayOrder>
                        <ColumnName>importe</ColumnName>
                        <OrderNumber>4</OrderNumber>
                    </DisplayOrder>
                    <DisplayOrder>
                        <ColumnName>idpedido</ColumnName>
                        <OrderNumber>5</OrderNumber>
                    </DisplayOrder>
                    <DisplayOrder>
                        <ColumnName>nota</ColumnName>
                        <OrderNumber>6</OrderNumber>
                    </DisplayOrder>
                    <DisplayOrder>
                        <ColumnName>cifnif</ColumnName>
                        <OrderNumber>7</OrderNumber>
                    </DisplayOrder>
                    <DisplayOrder>
                        <ColumnName>nombrecliente</ColumnName>
                        <OrderNumber>8</OrderNumber>
                    </DisplayOrder>
                    <DisplayOrder>
                        <ColumnName>direccion</ColumnName>
                        <OrderNumber>9</OrderNumber>
                    </DisplayOrder>
                    <DisplayOrder>
                        <ColumnName>ciudad</ColumnName>
                        <OrderNumber>10</OrderNumber>
                    </DisplayOrder>
                    <DisplayOrder>
                        <ColumnName>idemp</ColumnName>
                        <OrderNumber>11</OrderNumber>
                    </DisplayOrder>
                    <DisplayOrder>
                        <ColumnName>diremp</ColumnName>
                        <OrderNumber>12</OrderNumber>
                    </DisplayOrder>
                    <DisplayOrder>
                        <ColumnName>cpemp</ColumnName>
                        <OrderNumber>13</OrderNumber>
                    </DisplayOrder>
                    <DisplayOrder>
                        <ColumnName>poblemp</ColumnName>
                        <OrderNumber>14</OrderNumber>
                    </DisplayOrder>
                    <DisplayOrder>
                        <ColumnName>telemp</ColumnName>
                        <OrderNumber>15</OrderNumber>
                    </DisplayOrder>
                    <DisplayOrder>
                        <ColumnName>webemp</ColumnName>
                        <OrderNumber>16</OrderNumber>
                    </DisplayOrder>
                    <DisplayOrder>
                        <ColumnName>piefacemp</ColumnName>
                        <OrderNumber>17</OrderNumber>
                    </DisplayOrder>
                    <DisplayOrder>
                        <ColumnName>codagente</ColumnName>
                        <OrderNumber>18</OrderNumber>
                    </DisplayOrder>
                    <DisplayOrder>
                        <ColumnName>agnom</ColumnName>
                        <OrderNumber>19</OrderNumber>
                    </DisplayOrder>
                    <DisplayOrder>
                        <ColumnName>agmail</ColumnName>
                        <OrderNumber>20</OrderNumber>
                    </DisplayOrder>
                </DisplayOrders>
                <Groups>
                    <Group>
                        <GroupName>id</GroupName>
                        <BeforeGroupHeader>newpage</BeforeGroupHeader>
                        <AfterGroupHeader>blankline</AfterGroupHeader>
                        <BeforeGroupTrailer>solidline</BeforeGroupTrailer>
                        <AfterGroupTrailer>blankline</AfterGroupTrailer>
                        <GroupHeaders>
                            <GroupHeader>
                                <GroupHeaderColumn>idpedido</GroupHeaderColumn>
                                <GroupHeaderCustom></GroupHeaderCustom>
                            </GroupHeader>
                            <GroupHeader>
                                <GroupHeaderColumn>nota</GroupHeaderColumn>
                                <GroupHeaderCustom></GroupHeaderCustom>
                            </GroupHeader>
                        </GroupHeaders>
                        <GroupTrailers>
                            <GroupTrailer>
                                <GroupTrailerDisplayColumn>importe</GroupTrailerDisplayColumn>
                                <GroupTrailerValueColumn>id</GroupTrailerValueColumn>
                                <GroupTrailerCustom>

                                    Datos del Cliente:
                                    {cifnif}
                                    {nombrecliente}
                                    {direccion}
                                    {ciudad}


                                </GroupTrailerCustom>
                            </GroupTrailer>
                            <GroupTrailer>
                                <GroupTrailerDisplayColumn>importe</GroupTrailerDisplayColumn>
                                <GroupTrailerValueColumn>id</GroupTrailerValueColumn>
                                <GroupTrailerCustom>


                                    {piefacemp}
                                    {agnom}{STYLE font-style: italic; font-size: 8}
                                    __________________________________________________________________________________________________________________________
                                </GroupTrailerCustom>
                            </GroupTrailer>
                        </GroupTrailers>
                    </Group>
                </Groups>
                <Graphs></Graphs>
            </Output>
        </EntryForm>
    </ReportQuery>
</Report>