<?xml version="1.0"?>
<Report>
    <ReportQuery>
        <Format>
            <ReportTitle>Formulario para imprimir Contratos de Servicios a Clientes</ReportTitle>
            <ReportDescription>Formulario para imprimir Contratos de Servicios.
                &lt;br/&gt;
                Imprime un Contrato de Servicios a Clientes, previa consulta del mismo mediante el Criterio del ID.
                &lt;br/&gt;
                &lt;b&gt;Realizado por:&lt;/b&gt; Jorge L. Almendros
                &lt;br/&gt;
                &lt;b&gt;Adaptado a FacturaScripts por:&lt;/b&gt; Francesc Pineda Segarra
            </ReportDescription>
            <PageSize>.DEFAULT</PageSize>
            <PageOrientation>.DEFAULT</PageOrientation>
            <TopMargin/>
            <BottomMargin/>
            <RightMargin/>
            <LeftMargin/>
            <pdfFont/>
            <pdfFontSize/>
            <PreExecuteCode>NONE</PreExecuteCode>
            <formBetweenRows>solidline</formBetweenRows>
            <gridDisplay>.DEFAULT</gridDisplay>
            <gridSortable>.DEFAULT</gridSortable>
            <gridSearchable>.DEFAULT</gridSearchable>
            <gridPageable>.DEFAULT</gridPageable>
            <gridPageSize>.DEFAULT</gridPageSize>
        </Format>
        <Datasource>
            <SourceType>database</SourceType>
            <SourceConnection>
                <DatabaseType>mysql</DatabaseType>
                <DatabaseName/>
                <HostName/>
                <ServiceName/>
                <UserName/>
                <Password/>
            </SourceConnection>
        </Datasource>
        <EntryForm>
            <Query>
                <TableSql/>
                <WhereSql/>
                <GroupSql/>
                <RowSelection>all</RowSelection>
                <SQL>
                    <QuerySql/>
                    <SQLRaw>SELECT

                        contratoservicioscli.idcontrato,
                        contratoservicioscli.codcliente,
                        contratoservicioscli.codagente,
                        contratoservicioscli.fecha_alta,
                        contratoservicioscli.fecha_renovacion,
                        contratoservicioscli.observaciones,
                        contratoservicioscli.codpago,
                        contratoservicioscli.importe_anual,
                        contratoservicioscli.periodo,
                        contratoservicioscli.fsiguiente_servicio,

                        clientes.cifnif,
                        clientes.email,
                        clientes.razonsocial,
                        clientes.telefono1,
                        clientes.telefono2,

                        dirclientes.direccion,
                        dirclientes.codpostal,
                        dirclientes.ciudad,
                        dirclientes.provincia,
                        dirclientes.descripcion,

                        empresa.id idemp,
                        empresa.direccion diremp,
                        empresa.codpostal cpemp,
                        empresa.ciudad poblemp,
                        empresa.telefono telemp,
                        empresa.web webemp,
                        empresa.pie_factura piefacemp,

                        agentes.codagente,
                        agentes.nombre agnom,
                        agentes.email agmail

                        FROM contratoservicioscli
                        LEFT JOIN clientes ON contratoservicioscli.codcliente = clientes.codcliente
                        LEFT JOIN dirclientes ON dirclientes.codcliente = clientes.codcliente AND dirclientes.domfacturacion = true
                        LEFT JOIN empresa ON empresa.id = 1
                        LEFT JOIN agentes ON contratoservicioscli.codagente = agentes.codagente

                        WHERE 1 = 1

                        ORDER BY idcontrato DESC
                    </SQLRaw>
                </SQL>
                <QueryColumns>
                    <QueryColumn>
                        <Name>idcontrato</Name>
                        <TableName>contratoservicioscli</TableName>
                        <ColumnName>idcontrato</ColumnName>
                        <ColumnType>char</ColumnType>
                        <ColumnLength>30</ColumnLength>
                        <Format>
                            <column_display>hide</column_display>
                            <content_type>plain</content_type>
                            <ColumnStartPDF/>
                            <justify>left</justify>
                            <ColumnWidthPDF/>
                            <ColumnWidthHTML/>
                            <column_title/>
                            <tooltip/>
                            <group_header_label>0</group_header_label>
                            <group_header_label_xpos/>
                            <group_header_data_xpos/>
                            <group_trailer_label>0</group_trailer_label>
                        </Format>
                    </QueryColumn>
                    <QueryColumn>
                        <Name>codcliente</Name>
                        <TableName>contratoservicioscli</TableName>
                        <ColumnName>codcliente</ColumnName>
                        <ColumnType>char</ColumnType>
                        <ColumnLength>30</ColumnLength>
                        <Format>
                            <column_display>hide</column_display>
                            <content_type>plain</content_type>
                            <ColumnStartPDF/>
                            <justify>left</justify>
                            <ColumnWidthPDF/>
                            <ColumnWidthHTML/>
                            <column_title/>
                            <tooltip/>
                            <group_header_label>0</group_header_label>
                            <group_header_label_xpos/>
                            <group_header_data_xpos/>
                            <group_trailer_label>0</group_trailer_label>
                        </Format>
                    </QueryColumn>
                    <QueryColumn>
                        <Name>codagente</Name>
                        <TableName>agentes</TableName>
                        <ColumnName>codagente</ColumnName>
                        <ColumnType>char</ColumnType>
                        <ColumnLength>30</ColumnLength>
                        <Format>
                            <column_display>hide</column_display>
                            <content_type>plain</content_type>
                            <ColumnStartPDF/>
                            <justify>left</justify>
                            <ColumnWidthPDF/>
                            <ColumnWidthHTML/>
                            <column_title/>
                            <tooltip/>
                            <group_header_label>0</group_header_label>
                            <group_header_label_xpos/>
                            <group_header_data_xpos/>
                            <group_trailer_label>0</group_trailer_label>
                        </Format>
                    </QueryColumn>
                    <QueryColumn>
                        <Name>fecha_alta</Name>
                        <TableName>contratoservicioscli</TableName>
                        <ColumnName>fecha_alta</ColumnName>
                        <ColumnType>char</ColumnType>
                        <ColumnLength>30</ColumnLength>
                        <Format>
                            <column_display>show</column_display>
                            <content_type>plain</content_type>
                            <ColumnStartPDF/>
                            <justify>right</justify>
                            <ColumnWidthPDF>10%</ColumnWidthPDF>
                            <ColumnWidthHTML/>
                            <column_title>Alta</column_title>
                            <tooltip/>
                            <group_header_label>0</group_header_label>
                            <group_header_label_xpos/>
                            <group_header_data_xpos/>
                            <group_trailer_label>0</group_trailer_label>
                        </Format>
                    </QueryColumn>
                    <QueryColumn>
                        <Name>fecha_renovacion</Name>
                        <TableName>contratoservicioscli</TableName>
                        <ColumnName>fecha_renovacion</ColumnName>
                        <ColumnType>char</ColumnType>
                        <ColumnLength>30</ColumnLength>
                        <Format>
                            <column_display>show</column_display>
                            <content_type>plain</content_type>
                            <ColumnStartPDF/>
                            <justify>right</justify>
                            <ColumnWidthPDF>20%</ColumnWidthPDF>
                            <ColumnWidthHTML/>
                            <column_title>Próx. Renovación</column_title>
                            <tooltip/>
                            <group_header_label>0</group_header_label>
                            <group_header_label_xpos/>
                            <group_header_data_xpos/>
                            <group_trailer_label>0</group_trailer_label>
                        </Format>
                    </QueryColumn>
                    <QueryColumn>
                        <Name>observaciones</Name>
                        <TableName>contratoservicioscli</TableName>
                        <ColumnName>observaciones</ColumnName>
                        <ColumnType>char</ColumnType>
                        <ColumnLength>30</ColumnLength>
                        <Format>
                            <column_display>hide</column_display>
                            <content_type>plain</content_type>
                            <ColumnStartPDF/>
                            <justify>left</justify>
                            <ColumnWidthPDF/>
                            <ColumnWidthHTML/>
                            <column_title/>
                            <tooltip/>
                            <group_header_label>0</group_header_label>
                            <group_header_label_xpos/>
                            <group_header_data_xpos/>
                            <group_trailer_label>0</group_trailer_label>
                        </Format>
                    </QueryColumn>
                    <QueryColumn>
                        <Name>codpago</Name>
                        <TableName>contratoservicioscli</TableName>
                        <ColumnName>codpago</ColumnName>
                        <ColumnType>char</ColumnType>
                        <ColumnLength>30</ColumnLength>
                        <Format>
                            <column_display>hide</column_display>
                            <content_type>plain</content_type>
                            <ColumnStartPDF/>
                            <justify>left</justify>
                            <ColumnWidthPDF/>
                            <ColumnWidthHTML/>
                            <column_title/>
                            <tooltip/>
                            <group_header_label>0</group_header_label>
                            <group_header_label_xpos/>
                            <group_header_data_xpos/>
                            <group_trailer_label>0</group_trailer_label>
                        </Format>
                    </QueryColumn>
                    <QueryColumn>
                        <Name>importe_anual</Name>
                        <TableName>contratoservicioscli</TableName>
                        <ColumnName>importe_anual</ColumnName>
                        <ColumnType>char</ColumnType>
                        <ColumnLength>30</ColumnLength>
                        <Format>
                            <column_display>show</column_display>
                            <content_type>plain</content_type>
                            <ColumnStartPDF/>
                            <justify>right</justify>
                            <ColumnWidthPDF>15%</ColumnWidthPDF>
                            <ColumnWidthHTML/>
                            <column_title>Importe Anual</column_title>
                            <tooltip/>
                            <group_header_label>0</group_header_label>
                            <group_header_label_xpos/>
                            <group_header_data_xpos/>
                            <group_trailer_label>0</group_trailer_label>
                        </Format>
                    </QueryColumn>
                    <QueryColumn>
                        <Name>periodo</Name>
                        <TableName>contratoservicioscli</TableName>
                        <ColumnName>periodo</ColumnName>
                        <ColumnType>char</ColumnType>
                        <ColumnLength>30</ColumnLength>
                        <Format>
                            <column_display>show</column_display>
                            <content_type>plain</content_type>
                            <ColumnStartPDF/>
                            <justify>right</justify>
                            <ColumnWidthPDF>15%</ColumnWidthPDF>
                            <ColumnWidthHTML>Periodo</ColumnWidthHTML>
                            <column_title/>
                            <tooltip/>
                            <group_header_label>0</group_header_label>
                            <group_header_label_xpos/>
                            <group_header_data_xpos/>
                            <group_trailer_label>0</group_trailer_label>
                        </Format>
                    </QueryColumn>
                    <QueryColumn>
                        <Name>fsiguiente_servicio</Name>
                        <TableName>contratoservicioscli</TableName>
                        <ColumnName>fsiguiente_servicio</ColumnName>
                        <ColumnType>char</ColumnType>
                        <ColumnLength>30</ColumnLength>
                        <Format>
                            <column_display>show</column_display>
                            <content_type>plain</content_type>
                            <ColumnStartPDF/>
                            <justify>right</justify>
                            <ColumnWidthPDF>20%</ColumnWidthPDF>
                            <ColumnWidthHTML/>
                            <column_title>Próx. Servicio</column_title>
                            <tooltip/>
                            <group_header_label>0</group_header_label>
                            <group_header_label_xpos/>
                            <group_header_data_xpos/>
                            <group_trailer_label>0</group_trailer_label>
                        </Format>
                    </QueryColumn>
                    <QueryColumn>
                        <Name>cifnif</Name>
                        <TableName>clientes</TableName>
                        <ColumnName>cifnif</ColumnName>
                        <ColumnType>char</ColumnType>
                        <ColumnLength>30</ColumnLength>
                        <Format>
                            <column_display>hide</column_display>
                            <content_type>plain</content_type>
                            <ColumnStartPDF/>
                            <justify>left</justify>
                            <ColumnWidthPDF/>
                            <ColumnWidthHTML/>
                            <column_title>Cif / Nif:</column_title>
                            <tooltip/>
                            <group_header_label>0</group_header_label>
                            <group_header_label_xpos/>
                            <group_header_data_xpos/>
                            <group_trailer_label>0</group_trailer_label>
                        </Format>
                    </QueryColumn>
                    <QueryColumn>
                        <Name>email</Name>
                        <TableName>clientes</TableName>
                        <ColumnName>email</ColumnName>
                        <ColumnType>char</ColumnType>
                        <ColumnLength>30</ColumnLength>
                        <Format>
                            <column_display>hide</column_display>
                            <content_type>plain</content_type>
                            <ColumnStartPDF/>
                            <justify>left</justify>
                            <ColumnWidthPDF/>
                            <ColumnWidthHTML/>
                            <column_title/>
                            <tooltip/>
                            <group_header_label>0</group_header_label>
                            <group_header_label_xpos/>
                            <group_header_data_xpos/>
                            <group_trailer_label>0</group_trailer_label>
                        </Format>
                    </QueryColumn>
                    <QueryColumn>
                        <Name>razonsocial</Name>
                        <TableName>clientes</TableName>
                        <ColumnName>razonsocial</ColumnName>
                        <ColumnType>char</ColumnType>
                        <ColumnLength>30</ColumnLength>
                        <Format>
                            <column_display>hide</column_display>
                            <content_type>plain</content_type>
                            <ColumnStartPDF/>
                            <justify>left</justify>
                            <ColumnWidthPDF/>
                            <ColumnWidthHTML/>
                            <column_title>Razón Social:</column_title>
                            <tooltip/>
                            <group_header_label>0</group_header_label>
                            <group_header_label_xpos/>
                            <group_header_data_xpos/>
                            <group_trailer_label>0</group_trailer_label>
                        </Format>
                    </QueryColumn>
                    <QueryColumn>
                        <Name>telefono1</Name>
                        <TableName>clientes</TableName>
                        <ColumnName>telefono1</ColumnName>
                        <ColumnType>char</ColumnType>
                        <ColumnLength>30</ColumnLength>
                        <Format>
                            <column_display>hide</column_display>
                            <content_type>plain</content_type>
                            <ColumnStartPDF/>
                            <justify>left</justify>
                            <ColumnWidthPDF/>
                            <ColumnWidthHTML/>
                            <column_title/>
                            <tooltip/>
                            <group_header_label>0</group_header_label>
                            <group_header_label_xpos/>
                            <group_header_data_xpos/>
                            <group_trailer_label>0</group_trailer_label>
                        </Format>
                    </QueryColumn>
                    <QueryColumn>
                        <Name>telefono2</Name>
                        <TableName>clientes</TableName>
                        <ColumnName>telefono2</ColumnName>
                        <ColumnType>char</ColumnType>
                        <ColumnLength>30</ColumnLength>
                        <Format>
                            <column_display>hide</column_display>
                            <content_type>plain</content_type>
                            <ColumnStartPDF/>
                            <justify>left</justify>
                            <ColumnWidthPDF/>
                            <ColumnWidthHTML/>
                            <column_title/>
                            <tooltip/>
                            <group_header_label>0</group_header_label>
                            <group_header_label_xpos/>
                            <group_header_data_xpos/>
                            <group_trailer_label>0</group_trailer_label>
                        </Format>
                    </QueryColumn>
                    <QueryColumn>
                        <Name>direccion</Name>
                        <TableName>dirclientes</TableName>
                        <ColumnName>direccion</ColumnName>
                        <ColumnType>char</ColumnType>
                        <ColumnLength>30</ColumnLength>
                        <Format>
                            <column_display>hide</column_display>
                            <content_type>plain</content_type>
                            <ColumnStartPDF/>
                            <justify>left</justify>
                            <ColumnWidthPDF/>
                            <ColumnWidthHTML/>
                            <column_title>Dirección:</column_title>
                            <tooltip/>
                            <group_header_label>0</group_header_label>
                            <group_header_label_xpos/>
                            <group_header_data_xpos/>
                            <group_trailer_label>0</group_trailer_label>
                        </Format>
                    </QueryColumn>
                    <QueryColumn>
                        <Name>codpostal</Name>
                        <TableName>dirclientes</TableName>
                        <ColumnName>codpostal</ColumnName>
                        <ColumnType>char</ColumnType>
                        <ColumnLength>30</ColumnLength>
                        <Format>
                            <column_display>hide</column_display>
                            <content_type>plain</content_type>
                            <ColumnStartPDF/>
                            <justify>left</justify>
                            <ColumnWidthPDF/>
                            <ColumnWidthHTML/>
                            <column_title/>
                            <tooltip/>
                            <group_header_label>0</group_header_label>
                            <group_header_label_xpos/>
                            <group_header_data_xpos/>
                            <group_trailer_label>0</group_trailer_label>
                        </Format>
                    </QueryColumn>
                    <QueryColumn>
                        <Name>ciudad</Name>
                        <TableName>dirclientes</TableName>
                        <ColumnName>ciudad</ColumnName>
                        <ColumnType>char</ColumnType>
                        <ColumnLength>30</ColumnLength>
                        <Format>
                            <column_display>hide</column_display>
                            <content_type>plain</content_type>
                            <ColumnStartPDF/>
                            <justify>left</justify>
                            <ColumnWidthPDF/>
                            <ColumnWidthHTML/>
                            <column_title>Población:</column_title>
                            <tooltip/>
                            <group_header_label>0</group_header_label>
                            <group_header_label_xpos/>
                            <group_header_data_xpos/>
                            <group_trailer_label>0</group_trailer_label>
                        </Format>
                    </QueryColumn>
                    <QueryColumn>
                        <Name>provincia</Name>
                        <TableName>dirclientes</TableName>
                        <ColumnName>provincia</ColumnName>
                        <ColumnType>char</ColumnType>
                        <ColumnLength>30</ColumnLength>
                        <Format>
                            <column_display>hide</column_display>
                            <content_type>plain</content_type>
                            <ColumnStartPDF/>
                            <justify>left</justify>
                            <ColumnWidthPDF/>
                            <ColumnWidthHTML/>
                            <column_title>Provincia:</column_title>
                            <tooltip/>
                            <group_header_label>0</group_header_label>
                            <group_header_label_xpos/>
                            <group_header_data_xpos/>
                            <group_trailer_label>0</group_trailer_label>
                        </Format>
                    </QueryColumn>
                    <QueryColumn>
                        <Name>descripcion</Name>
                        <TableName>dirclientes</TableName>
                        <ColumnName>descripcion</ColumnName>
                        <ColumnType>char</ColumnType>
                        <ColumnLength>30</ColumnLength>
                        <Format>
                            <column_display>hide</column_display>
                            <content_type>plain</content_type>
                            <ColumnStartPDF/>
                            <justify>left</justify>
                            <ColumnWidthPDF/>
                            <ColumnWidthHTML/>
                            <column_title/>
                            <tooltip/>
                            <group_header_label>0</group_header_label>
                            <group_header_label_xpos/>
                            <group_header_data_xpos/>
                            <group_trailer_label>0</group_trailer_label>
                        </Format>
                    </QueryColumn>
                    <QueryColumn>
                        <Name>idemp</Name>
                        <TableName>empresa</TableName>
                        <ColumnName>id</ColumnName>
                        <ColumnType>char</ColumnType>
                        <ColumnLength>30</ColumnLength>
                        <Format>
                            <column_display>hide</column_display>
                            <content_type>plain</content_type>
                            <ColumnStartPDF/>
                            <justify>left</justify>
                            <ColumnWidthPDF/>
                            <ColumnWidthHTML/>
                            <column_title/>
                            <tooltip/>
                            <group_header_label>0</group_header_label>
                            <group_header_label_xpos/>
                            <group_header_data_xpos/>
                            <group_trailer_label>0</group_trailer_label>
                        </Format>
                    </QueryColumn>
                    <QueryColumn>
                        <Name>diremp</Name>
                        <TableName>empresa</TableName>
                        <ColumnName>direccion</ColumnName>
                        <ColumnType>char</ColumnType>
                        <ColumnLength>30</ColumnLength>
                        <Format>
                            <column_display>hide</column_display>
                            <content_type>plain</content_type>
                            <ColumnStartPDF/>
                            <justify>left</justify>
                            <ColumnWidthPDF/>
                            <ColumnWidthHTML/>
                            <column_title/>
                            <tooltip/>
                            <group_header_label>0</group_header_label>
                            <group_header_label_xpos/>
                            <group_header_data_xpos/>
                            <group_trailer_label>0</group_trailer_label>
                        </Format>
                    </QueryColumn>
                    <QueryColumn>
                        <Name>cpemp</Name>
                        <TableName>empresa</TableName>
                        <ColumnName>codpostal</ColumnName>
                        <ColumnType>char</ColumnType>
                        <ColumnLength>30</ColumnLength>
                        <Format>
                            <column_display>hide</column_display>
                            <content_type>plain</content_type>
                            <ColumnStartPDF/>
                            <justify>left</justify>
                            <ColumnWidthPDF/>
                            <ColumnWidthHTML/>
                            <column_title/>
                            <tooltip/>
                            <group_header_label>0</group_header_label>
                            <group_header_label_xpos/>
                            <group_header_data_xpos/>
                            <group_trailer_label>0</group_trailer_label>
                        </Format>
                    </QueryColumn>
                    <QueryColumn>
                        <Name>poblemp</Name>
                        <TableName>empresa</TableName>
                        <ColumnName>ciudad</ColumnName>
                        <ColumnType>char</ColumnType>
                        <ColumnLength>30</ColumnLength>
                        <Format>
                            <column_display>hide</column_display>
                            <content_type>plain</content_type>
                            <ColumnStartPDF/>
                            <justify>left</justify>
                            <ColumnWidthPDF/>
                            <ColumnWidthHTML/>
                            <column_title/>
                            <tooltip/>
                            <group_header_label>0</group_header_label>
                            <group_header_label_xpos/>
                            <group_header_data_xpos/>
                            <group_trailer_label>0</group_trailer_label>
                        </Format>
                    </QueryColumn>
                    <QueryColumn>
                        <Name>telemp</Name>
                        <TableName>empresa</TableName>
                        <ColumnName>telefono</ColumnName>
                        <ColumnType>char</ColumnType>
                        <ColumnLength>30</ColumnLength>
                        <Format>
                            <column_display>hide</column_display>
                            <content_type>plain</content_type>
                            <ColumnStartPDF/>
                            <justify>left</justify>
                            <ColumnWidthPDF/>
                            <ColumnWidthHTML/>
                            <column_title/>
                            <tooltip/>
                            <group_header_label>0</group_header_label>
                            <group_header_label_xpos/>
                            <group_header_data_xpos/>
                            <group_trailer_label>0</group_trailer_label>
                        </Format>
                    </QueryColumn>
                    <QueryColumn>
                        <Name>webemp</Name>
                        <TableName>empresa</TableName>
                        <ColumnName>web</ColumnName>
                        <ColumnType>char</ColumnType>
                        <ColumnLength>30</ColumnLength>
                        <Format>
                            <column_display>hide</column_display>
                            <content_type>plain</content_type>
                            <ColumnStartPDF/>
                            <justify>left</justify>
                            <ColumnWidthPDF/>
                            <ColumnWidthHTML/>
                            <column_title/>
                            <tooltip/>
                            <group_header_label>0</group_header_label>
                            <group_header_label_xpos/>
                            <group_header_data_xpos/>
                            <group_trailer_label>0</group_trailer_label>
                        </Format>
                    </QueryColumn>
                    <QueryColumn>
                        <Name>piefacemp</Name>
                        <TableName>empresa</TableName>
                        <ColumnName>pie_factura</ColumnName>
                        <ColumnType>char</ColumnType>
                        <ColumnLength>30</ColumnLength>
                        <Format>
                            <column_display>hide</column_display>
                            <content_type>plain</content_type>
                            <ColumnStartPDF/>
                            <justify>left</justify>
                            <ColumnWidthPDF/>
                            <ColumnWidthHTML/>
                            <column_title/>
                            <tooltip/>
                            <group_header_label>0</group_header_label>
                            <group_header_label_xpos/>
                            <group_header_data_xpos/>
                            <group_trailer_label>0</group_trailer_label>
                        </Format>
                    </QueryColumn>
                    <QueryColumn>
                        <Name>agnom</Name>
                        <TableName>agentes</TableName>
                        <ColumnName>nombre</ColumnName>
                        <ColumnType>char</ColumnType>
                        <ColumnLength>30</ColumnLength>
                        <Format>
                            <column_display>hide</column_display>
                            <content_type>plain</content_type>
                            <ColumnStartPDF/>
                            <justify>left</justify>
                            <ColumnWidthPDF/>
                            <ColumnWidthHTML/>
                            <column_title/>
                            <tooltip/>
                            <group_header_label>0</group_header_label>
                            <group_header_label_xpos/>
                            <group_header_data_xpos/>
                            <group_trailer_label>0</group_trailer_label>
                        </Format>
                    </QueryColumn>
                    <QueryColumn>
                        <Name>agmail</Name>
                        <TableName>agentes</TableName>
                        <ColumnName>email</ColumnName>
                        <ColumnType>char</ColumnType>
                        <ColumnLength>30</ColumnLength>
                        <Format>
                            <column_display>hide</column_display>
                            <content_type>plain</content_type>
                            <ColumnStartPDF/>
                            <justify>left</justify>
                            <ColumnWidthPDF/>
                            <ColumnWidthHTML/>
                            <column_title/>
                            <tooltip/>
                            <group_header_label>0</group_header_label>
                            <group_header_label_xpos/>
                            <group_header_data_xpos/>
                            <group_trailer_label>0</group_trailer_label>
                        </Format>
                    </QueryColumn>
                </QueryColumns>
                <OrderColumns/>
                <PreSQLS/>
            </Query>
            <Assignments>
                <Assignment>
                    <AssignName>importe_anual</AssignName>
                    <AssignNameNew/>
                    <Expression>number_format(({importe_anual}),2,',','.').&quot;€&quot;</Expression>
                    <Condition/>
                </Assignment>
                <Assignment>
                    <AssignName>ciudad</AssignName>
                    <AssignNameNew/>
                    <Expression>{codpostal}.&quot; &quot;.{ciudad}</Expression>
                    <Condition/>
                </Assignment>
                <Assignment>
                    <AssignName>agnom</AssignName>
                    <AssignNameNew/>
                    <Expression>&quot;Le atendió: &quot;.{agnom}.&quot; (&quot;.{agmail}.&quot;) &quot;.{telemp}.&quot;
                        &quot;.{diremp}.&quot; &quot;.{cpemp}.&quot; - &quot;.{poblemp}
                    </Expression>
                    <Condition/>
                </Assignment>
                <Assignment>
                    <AssignName>observaciones</AssignName>
                    <AssignNameNew/>
                    <Expression>{observaciones}.&quot; &quot;</Expression>
                    <Condition/>
                </Assignment>
            </Assignments>
            <Criteria>
                <CriteriaItem>
                    <Name>idcontrato</Name>
                    <Title>Contrato Numero :</Title>
                    <QueryTableName/>
                    <QueryColumnName>contratoservicioscli.idcontrato</QueryColumnName>
                    <CriteriaType>LOOKUP</CriteriaType>
                    <CriteriaDisplay>TEXTFIELD</CriteriaDisplay>
                    <ExpandDisplay>MULTI</ExpandDisplay>
                    <ReturnColumn>idcontrato</ReturnColumn>
                    <DisplayColumn>idcontrato</DisplayColumn>
                    <OverviewColumn>idcontrato</OverviewColumn>
                    <MatchColumn>idcontrato</MatchColumn>
                    <CriteriaDefaults/>
                    <CriteriaList/>
                    <Query>
                        <TableSql/>
                        <WhereSql/>
                        <GroupSql/>
                        <RowSelection/>
                        <SQLRaw>SELECT
                            idcontrato
                            FROM contratoservicioscli

                            WHERE contratoservicioscli.idcontrato > 0

                            ORDER BY idcontrato DESC
                        </SQLRaw>
                        <SQL>
                            <QuerySql/>
                        </SQL>
                        <QueryColumns>
                            <QueryColumn>
                                <Name>idcontrato</Name>
                                <TableName/>
                                <ColumnName>idcontrato</ColumnName>
                                <ColumnType>char</ColumnType>
                                <ColumnLength>30</ColumnLength>
                                <Format>
                                    <column_display>show</column_display>
                                    <content_type>plain</content_type>
                                    <justify>left</justify>
                                </Format>
                            </QueryColumn>
                        </QueryColumns>
                        <OrderColumns/>
                        <Assignments/>
                    </Query>
                    <CriteriaLinks/>
                </CriteriaItem>
            </Criteria>
            <Output>
                <PageHeaders>
                    <PageHeader>
                        <LineNumber>1</LineNumber>
                        <HeaderText>Contrato Número: {idcontrato}{STYLE border-width: 1 0 1 0; margin: 15px 0px 0px 0px; border-color: #d1d4d7; font-size: 16; border-style: solid;padding:5px 0px 5px 0px; height:1cm; background-color: #d1d4d7; color: #fffff; text-align: center}</HeaderText>
                        <Format>
                            <ColumnStartPDF/>
                            <justify>center</justify>
                            <ColumnWidthPDF/>
                            <ShowInPDF>yes</ShowInPDF>
                            <ShowInHTML>yes</ShowInHTML>
                        </Format>
                    </PageHeader>
                    <PageHeader>
                        <LineNumber>1</LineNumber>
                        <HeaderText>{poblemp}, date('d-m-Y H:i:s') Página: {PAGE}{STYLE font-size:10pt;}</HeaderText>
                        <Format>
                            <ColumnStartPDF/>
                            <justify>right</justify>
                            <ColumnWidthPDF/>
                            <ShowInPDF>yes</ShowInPDF>
                            <ShowInHTML>yes</ShowInHTML>
                        </Format>
                    </PageHeader>
                </PageHeaders>
                <PageFooters>
                    <PageFooter>
                        <LineNumber>2</LineNumber>
                        <FooterText>{piefacemp}{STYLE border-width: 1 0 0 0; margin: 40 0 0 0; font-style: italic; font-size: 9}</FooterText>
                        <Format>
                            <ColumnStartPDF/>
                            <justify>center</justify>
                            <ColumnWidthPDF/>
                            <ShowInPDF>yes</ShowInPDF>
                            <ShowInHTML>no</ShowInHTML>
                        </Format>
                    </PageFooter>
                    <PageFooter>
                        <LineNumber>1</LineNumber>
                        <FooterText>{agnom}{STYLE border-width: 1 0 0 0; margin: 40 0 0 0; font-style: italic; font-size: 9}</FooterText>
                        <Format>
                            <ColumnStartPDF/>
                            <justify>center</justify>
                            <ColumnWidthPDF/>
                            <ShowInPDF>yes</ShowInPDF>
                            <ShowInHTML>no</ShowInHTML>
                        </Format>
                    </PageFooter>
                </PageFooters>
                <DisplayOrders>
                    <DisplayOrder>
                        <ColumnName>idcontrato</ColumnName>
                        <OrderNumber>1</OrderNumber>
                    </DisplayOrder>
                    <DisplayOrder>
                        <ColumnName>codcliente</ColumnName>
                        <OrderNumber>2</OrderNumber>
                    </DisplayOrder>
                    <DisplayOrder>
                        <ColumnName>codagente</ColumnName>
                        <OrderNumber>3</OrderNumber>
                    </DisplayOrder>
                    <DisplayOrder>
                        <ColumnName>fecha_alta</ColumnName>
                        <OrderNumber>4</OrderNumber>
                    </DisplayOrder>
                    <DisplayOrder>
                        <ColumnName>fecha_renovacion</ColumnName>
                        <OrderNumber>5</OrderNumber>
                    </DisplayOrder>
                    <DisplayOrder>
                        <ColumnName>observaciones</ColumnName>
                        <OrderNumber>6</OrderNumber>
                    </DisplayOrder>
                    <DisplayOrder>
                        <ColumnName>codpago</ColumnName>
                        <OrderNumber>7</OrderNumber>
                    </DisplayOrder>
                    <DisplayOrder>
                        <ColumnName>importe_anual</ColumnName>
                        <OrderNumber>8</OrderNumber>
                    </DisplayOrder>
                    <DisplayOrder>
                        <ColumnName>periodo</ColumnName>
                        <OrderNumber>9</OrderNumber>
                    </DisplayOrder>
                    <DisplayOrder>
                        <ColumnName>fsiguiente_servicio</ColumnName>
                        <OrderNumber>10</OrderNumber>
                    </DisplayOrder>
                    <DisplayOrder>
                        <ColumnName>cifnif</ColumnName>
                        <OrderNumber>11</OrderNumber>
                    </DisplayOrder>
                    <DisplayOrder>
                        <ColumnName>email</ColumnName>
                        <OrderNumber>12</OrderNumber>
                    </DisplayOrder>
                    <DisplayOrder>
                        <ColumnName>razonsocial</ColumnName>
                        <OrderNumber>13</OrderNumber>
                    </DisplayOrder>
                    <DisplayOrder>
                        <ColumnName>telefono1</ColumnName>
                        <OrderNumber>14</OrderNumber>
                    </DisplayOrder>
                    <DisplayOrder>
                        <ColumnName>telefono2</ColumnName>
                        <OrderNumber>15</OrderNumber>
                    </DisplayOrder>
                    <DisplayOrder>
                        <ColumnName>direccion</ColumnName>
                        <OrderNumber>16</OrderNumber>
                    </DisplayOrder>
                    <DisplayOrder>
                        <ColumnName>codpostal</ColumnName>
                        <OrderNumber>17</OrderNumber>
                    </DisplayOrder>
                    <DisplayOrder>
                        <ColumnName>ciudad</ColumnName>
                        <OrderNumber>18</OrderNumber>
                    </DisplayOrder>
                    <DisplayOrder>
                        <ColumnName>provincia</ColumnName>
                        <OrderNumber>19</OrderNumber>
                    </DisplayOrder>
                    <DisplayOrder>
                        <ColumnName>descripcion</ColumnName>
                        <OrderNumber>20</OrderNumber>
                    </DisplayOrder>
                    <DisplayOrder>
                        <ColumnName>idemp</ColumnName>
                        <OrderNumber>21</OrderNumber>
                    </DisplayOrder>
                    <DisplayOrder>
                        <ColumnName>diremp</ColumnName>
                        <OrderNumber>22</OrderNumber>
                    </DisplayOrder>
                    <DisplayOrder>
                        <ColumnName>cpemp</ColumnName>
                        <OrderNumber>23</OrderNumber>
                    </DisplayOrder>
                    <DisplayOrder>
                        <ColumnName>poblemp</ColumnName>
                        <OrderNumber>24</OrderNumber>
                    </DisplayOrder>
                    <DisplayOrder>
                        <ColumnName>telemp</ColumnName>
                        <OrderNumber>25</OrderNumber>
                    </DisplayOrder>
                    <DisplayOrder>
                        <ColumnName>webemp</ColumnName>
                        <OrderNumber>26</OrderNumber>
                    </DisplayOrder>
                    <DisplayOrder>
                        <ColumnName>piefacemp</ColumnName>
                        <OrderNumber>27</OrderNumber>
                    </DisplayOrder>
                    <DisplayOrder>
                        <ColumnName>agnom</ColumnName>
                        <OrderNumber>28</OrderNumber>
                    </DisplayOrder>
                    <DisplayOrder>
                        <ColumnName>agmail</ColumnName>
                        <OrderNumber>29</OrderNumber>
                    </DisplayOrder>
                </DisplayOrders>
                <Groups>
                    <Group>
                        <GroupName>idcontrato</GroupName>
                        <BeforeGroupHeader>blankline</BeforeGroupHeader>
                        <AfterGroupHeader>solidline</AfterGroupHeader>
                        <BeforeGroupTrailer>blankline</BeforeGroupTrailer>
                        <AfterGroupTrailer>blankline</AfterGroupTrailer>
                        <GroupHeaders>
                            <GroupHeader>
                                <GroupHeaderColumn>razonsocial</GroupHeaderColumn>
                                <GroupHeaderCustom/>
                            </GroupHeader>
                            <GroupHeader>
                                <GroupHeaderColumn>direccion</GroupHeaderColumn>
                                <GroupHeaderCustom/>
                            </GroupHeader>
                            <GroupHeader>
                                <GroupHeaderColumn>ciudad</GroupHeaderColumn>
                                <GroupHeaderCustom/>
                            </GroupHeader>
                            <GroupHeader>
                                <GroupHeaderColumn>provincia</GroupHeaderColumn>
                                <GroupHeaderCustom/>
                            </GroupHeader>
                            <GroupHeader>
                                <GroupHeaderColumn>cifnif</GroupHeaderColumn>
                                <GroupHeaderCustom/>
                            </GroupHeader>
                        </GroupHeaders>
                        <GroupTrailers>
                            <GroupTrailer>
                                <GroupTrailerDisplayColumn>fecha_alta</GroupTrailerDisplayColumn>
                                <GroupTrailerValueColumn>observaciones</GroupTrailerValueColumn>
                                <GroupTrailerCustom>{observaciones}{STYLE margin:0 5 0 5;}</GroupTrailerCustom>
                            </GroupTrailer>
                        </GroupTrailers>
                    </Group>
                </Groups>
                <Graphs/>
            </Output>
        </EntryForm>
    </ReportQuery>
</Report>