<?xml version="1.0"?>
<Report>
    <ReportQuery>
        <Format>
            <ReportTitle>VENTAS - Presupuestos por Expediente</ReportTitle>
            <ReportDescription>Selección de Presupuestos de un cliente según la combinación indicada en un expediente.
            </ReportDescription>
            <PageSize>.DEFAULT</PageSize>
            <PageOrientation>.DEFAULT</PageOrientation>
            <TopMargin></TopMargin>
            <BottomMargin></BottomMargin>
            <RightMargin></RightMargin>
            <LeftMargin></LeftMargin>
            <pdfFont></pdfFont>
            <pdfFontSize></pdfFontSize>
            <PreExecuteCode>NONE</PreExecuteCode>
            <formBetweenRows>solidline</formBetweenRows>
            <gridDisplay>.DEFAULT</gridDisplay>
            <gridSortable>.DEFAULT</gridSortable>
            <gridSearchable>.DEFAULT</gridSearchable>
            <gridPageable>.DEFAULT</gridPageable>
            <gridPageSize>.DEFAULT</gridPageSize>
        </Format>
        <Datasource>
            <SourceType>database</SourceType>
            <SourceConnection>
                <DatabaseType>mysql</DatabaseType>
                <DatabaseName></DatabaseName>
                <HostName></HostName>
                <ServiceName></ServiceName>
                <UserName></UserName>
                <Password></Password>
            </SourceConnection>
        </Datasource>
        <EntryForm>
            <Query>
                <TableSql></TableSql>
                <WhereSql></WhereSql>
                <GroupSql></GroupSql>
                <RowSelection>all</RowSelection>
                <SQL>
                    <QuerySql></QuerySql>
                    <SQLRaw>SELECT
                        expedientes.codigo expid,
                        expedientes.observaciones descfpago,
                        expediente_documentos.id_expediente,
                        expediente_documentos.id,
                        expediente_documentos.id_presupuesto_ventas,

                        presupuestoscli.idpresupuesto,
                        presupuestoscli.codcliente,
                        presupuestoscli.direccion,
                        presupuestoscli.ciudad,
                        presupuestoscli.numero2,
                        presupuestoscli.cifnif,
                        presupuestoscli.neto,
                        presupuestoscli.total,
                        presupuestoscli.totaliva,
                        presupuestoscli.provincia,
                        presupuestoscli.codigo,
                        presupuestoscli.observaciones,
                        presupuestoscli.codpago,

                        lineaspresupuestoscli.pvptotal,
                        lineaspresupuestoscli.idpresupuesto,
                        lineaspresupuestoscli.descripcion,

                        (CASE lineaspresupuestoscli.mostrar_precio WHEN true THEN lineaspresupuestoscli.pvptotal END)
                        pvp,
                        (CASE lineaspresupuestoscli.mostrar_cantidad WHEN true THEN lineaspresupuestoscli.cantidad END)
                        cant,
                        (CASE lineaspresupuestoscli.mostrar_precio WHEN true THEN lineaspresupuestoscli.iva END)
                        ivalinea,
                        (CASE lineaspresupuestoscli.mostrar_precio WHEN true THEN
                        (lineaspresupuestoscli.pvptotal*lineaspresupuestoscli.iva/100) END) impuestos,
                        (CASE lineaspresupuestoscli.mostrar_precio WHEN true THEN
                        (lineaspresupuestoscli.pvptotal+(lineaspresupuestoscli.pvptotal*lineaspresupuestoscli.iva/100))
                        END) totallinea,

                        presupuestoscli.neto neto_pre,
                        presupuestoscli.total total_pre,
                        presupuestoscli.totaliva totaliva_pre,

                        lineaspresupuestoscli.pvptotal neto_exp,
                        (lineaspresupuestoscli.pvptotal*lineaspresupuestoscli.iva/100) totaliva_exp,
                        (lineaspresupuestoscli.pvptotal+(lineaspresupuestoscli.pvptotal*lineaspresupuestoscli.iva/100))
                        total_exp,

                        clientes.codcliente,
                        clientes.telefono1,
                        clientes.telefono2,
                        clientes.razonsocial nombrecliente,

                        empresa.id idemp,
                        empresa.direccion diremp,
                        empresa.codpostal cpemp,
                        empresa.ciudad poblemp,
                        empresa.telefono telemp,
                        empresa.web webemp,
                        empresa.pie_factura piefacemp,

                        agentes.codagente,
                        agentes.nombre agnom,
                        fs_users.email agmail

                        FROM expedientes
                        LEFT JOIN expediente_documentos ON expedientes.id = expediente_documentos.id_expediente
                        LEFT JOIN presupuestoscli ON expediente_documentos.id_presupuesto_ventas = presupuestoscli.idpresupuesto
                        LEFT JOIN lineaspresupuestoscli ON presupuestoscli.idpresupuesto = lineaspresupuestoscli.idpresupuesto
                        LEFT JOIN clientes ON presupuestoscli.codcliente = clientes.codcliente
                        LEFT JOIN empresa ON empresa.id = 1
                        LEFT JOIN agentes ON presupuestoscli.codagente = agentes.codagente
                        LEFT JOIN fs_users ON agentes.codagente = fs_users.codagente

                        WHERE 1 = 1

                        ORDER BY
                        presupuestoscli.numero2 ASC, lineaspresupuestoscli.orden DESC
                    </SQLRaw>
                </SQL>
                <QueryColumns>
                    <QueryColumn>
                        <Name>expid</Name>
                        <TableName>expedientes</TableName>
                        <ColumnName>codigo</ColumnName>
                        <ColumnType>char</ColumnType>
                        <ColumnLength>30</ColumnLength>
                        <Format>
                            <column_display>hide</column_display>
                            <content_type>plain</content_type>
                            <ColumnStartPDF></ColumnStartPDF>
                            <justify>left</justify>
                            <ColumnWidthPDF></ColumnWidthPDF>
                            <ColumnWidthHTML></ColumnWidthHTML>
                            <column_title></column_title>
                            <tooltip></tooltip>
                            <group_header_label>0</group_header_label>
                            <group_header_label_xpos></group_header_label_xpos>
                            <group_header_data_xpos></group_header_data_xpos>
                            <group_trailer_label>0</group_trailer_label>
                        </Format>
                    </QueryColumn>
                    <QueryColumn>
                        <Name>descfpago</Name>
                        <TableName>expedientes</TableName>
                        <ColumnName>observaciones</ColumnName>
                        <ColumnType>char</ColumnType>
                        <ColumnLength>30</ColumnLength>
                        <Format>
                            <column_display>hide</column_display>
                            <content_type>plain</content_type>
                            <ColumnStartPDF></ColumnStartPDF>
                            <justify>left</justify>
                            <ColumnWidthPDF></ColumnWidthPDF>
                            <ColumnWidthHTML></ColumnWidthHTML>
                            <column_title>Obs:</column_title>
                            <tooltip></tooltip>
                            <group_header_label>0</group_header_label>
                            <group_header_label_xpos></group_header_label_xpos>
                            <group_header_data_xpos></group_header_data_xpos>
                            <group_trailer_label>0</group_trailer_label>
                        </Format>
                    </QueryColumn>
                    <QueryColumn>
                        <Name>id_presupuesto_ventas</Name>
                        <TableName>expediente_documentos</TableName>
                        <ColumnName>id_presupuesto_ventas</ColumnName>
                        <ColumnType>char</ColumnType>
                        <ColumnLength>30</ColumnLength>
                        <Format>
                            <column_display>hide</column_display>
                            <content_type>plain</content_type>
                            <ColumnStartPDF></ColumnStartPDF>
                            <justify>left</justify>
                            <ColumnWidthPDF></ColumnWidthPDF>
                            <ColumnWidthHTML></ColumnWidthHTML>
                            <column_title></column_title>
                            <tooltip></tooltip>
                            <group_header_label>0</group_header_label>
                            <group_header_label_xpos></group_header_label_xpos>
                            <group_header_data_xpos></group_header_data_xpos>
                            <group_trailer_label>0</group_trailer_label>
                        </Format>
                    </QueryColumn>
                    <QueryColumn>
                        <Name>idpresupuesto</Name>
                        <TableName>lineaspresupuestoscli</TableName>
                        <ColumnName>idpresupuesto</ColumnName>
                        <ColumnType>char</ColumnType>
                        <ColumnLength>30</ColumnLength>
                        <Format>
                            <column_display>hide</column_display>
                            <content_type>plain</content_type>
                            <ColumnStartPDF></ColumnStartPDF>
                            <justify>left</justify>
                            <ColumnWidthPDF></ColumnWidthPDF>
                            <ColumnWidthHTML></ColumnWidthHTML>
                            <column_title></column_title>
                            <tooltip></tooltip>
                            <group_header_label>0</group_header_label>
                            <group_header_label_xpos></group_header_label_xpos>
                            <group_header_data_xpos></group_header_data_xpos>
                            <group_trailer_label>0</group_trailer_label>
                        </Format>
                    </QueryColumn>
                    <QueryColumn>
                        <Name>codcliente</Name>
                        <TableName>clientes</TableName>
                        <ColumnName>codcliente</ColumnName>
                        <ColumnType>char</ColumnType>
                        <ColumnLength>30</ColumnLength>
                        <Format>
                            <column_display>hide</column_display>
                            <content_type>plain</content_type>
                            <ColumnStartPDF></ColumnStartPDF>
                            <justify>left</justify>
                            <ColumnWidthPDF></ColumnWidthPDF>
                            <ColumnWidthHTML></ColumnWidthHTML>
                            <column_title></column_title>
                            <tooltip></tooltip>
                            <group_header_label>0</group_header_label>
                            <group_header_label_xpos></group_header_label_xpos>
                            <group_header_data_xpos></group_header_data_xpos>
                            <group_trailer_label>0</group_trailer_label>
                        </Format>
                    </QueryColumn>
                    <QueryColumn>
                        <Name>direccion</Name>
                        <TableName>presupuestoscli</TableName>
                        <ColumnName>direccion</ColumnName>
                        <ColumnType>char</ColumnType>
                        <ColumnLength>30</ColumnLength>
                        <Format>
                            <column_display>hide</column_display>
                            <content_type>plain</content_type>
                            <ColumnStartPDF></ColumnStartPDF>
                            <justify>left</justify>
                            <ColumnWidthPDF></ColumnWidthPDF>
                            <ColumnWidthHTML></ColumnWidthHTML>
                            <column_title></column_title>
                            <tooltip></tooltip>
                            <group_header_label>0</group_header_label>
                            <group_header_label_xpos></group_header_label_xpos>
                            <group_header_data_xpos></group_header_data_xpos>
                            <group_trailer_label>0</group_trailer_label>
                        </Format>
                    </QueryColumn>
                    <QueryColumn>
                        <Name>ciudad</Name>
                        <TableName>presupuestoscli</TableName>
                        <ColumnName>ciudad</ColumnName>
                        <ColumnType>char</ColumnType>
                        <ColumnLength>30</ColumnLength>
                        <Format>
                            <column_display>hide</column_display>
                            <content_type>plain</content_type>
                            <ColumnStartPDF></ColumnStartPDF>
                            <justify>left</justify>
                            <ColumnWidthPDF></ColumnWidthPDF>
                            <ColumnWidthHTML></ColumnWidthHTML>
                            <column_title>Población:</column_title>
                            <tooltip></tooltip>
                            <group_header_label>0</group_header_label>
                            <group_header_label_xpos></group_header_label_xpos>
                            <group_header_data_xpos></group_header_data_xpos>
                            <group_trailer_label>0</group_trailer_label>
                        </Format>
                    </QueryColumn>
                    <QueryColumn>
                        <Name>numero2</Name>
                        <TableName>presupuestoscli</TableName>
                        <ColumnName>numero2</ColumnName>
                        <ColumnType>char</ColumnType>
                        <ColumnLength>30</ColumnLength>
                        <Format>
                            <column_display>hide</column_display>
                            <content_type>plain</content_type>
                            <ColumnStartPDF></ColumnStartPDF>
                            <justify>left</justify>
                            <ColumnWidthPDF></ColumnWidthPDF>
                            <ColumnWidthHTML></ColumnWidthHTML>
                            <column_title></column_title>
                            <tooltip></tooltip>
                            <group_header_label>0</group_header_label>
                            <group_header_label_xpos></group_header_label_xpos>
                            <group_header_data_xpos></group_header_data_xpos>
                            <group_trailer_label>0</group_trailer_label>
                        </Format>
                    </QueryColumn>
                    <QueryColumn>
                        <Name>cifnif</Name>
                        <TableName>presupuestoscli</TableName>
                        <ColumnName>cifnif</ColumnName>
                        <ColumnType>char</ColumnType>
                        <ColumnLength>30</ColumnLength>
                        <Format>
                            <column_display>hide</column_display>
                            <content_type>plain</content_type>
                            <ColumnStartPDF></ColumnStartPDF>
                            <justify>left</justify>
                            <ColumnWidthPDF></ColumnWidthPDF>
                            <ColumnWidthHTML></ColumnWidthHTML>
                            <column_title>Cif / Nif:</column_title>
                            <tooltip></tooltip>
                            <group_header_label>0</group_header_label>
                            <group_header_label_xpos></group_header_label_xpos>
                            <group_header_data_xpos></group_header_data_xpos>
                            <group_trailer_label>0</group_trailer_label>
                        </Format>
                    </QueryColumn>
                    <QueryColumn>
                        <Name>neto</Name>
                        <TableName>presupuestoscli</TableName>
                        <ColumnName>neto</ColumnName>
                        <ColumnType>char</ColumnType>
                        <ColumnLength>30</ColumnLength>
                        <Format>
                            <column_display>hide</column_display>
                            <content_type>plain</content_type>
                            <ColumnStartPDF></ColumnStartPDF>
                            <justify>left</justify>
                            <ColumnWidthPDF></ColumnWidthPDF>
                            <ColumnWidthHTML></ColumnWidthHTML>
                            <column_title></column_title>
                            <tooltip></tooltip>
                            <group_header_label>0</group_header_label>
                            <group_header_label_xpos></group_header_label_xpos>
                            <group_header_data_xpos></group_header_data_xpos>
                            <group_trailer_label>0</group_trailer_label>
                        </Format>
                    </QueryColumn>
                    <QueryColumn>
                        <Name>total</Name>
                        <TableName>presupuestoscli</TableName>
                        <ColumnName>total</ColumnName>
                        <ColumnType>char</ColumnType>
                        <ColumnLength>30</ColumnLength>
                        <Format>
                            <column_display>hide</column_display>
                            <content_type>plain</content_type>
                            <ColumnStartPDF></ColumnStartPDF>
                            <justify>left</justify>
                            <ColumnWidthPDF></ColumnWidthPDF>
                            <ColumnWidthHTML></ColumnWidthHTML>
                            <column_title></column_title>
                            <tooltip></tooltip>
                            <group_header_label>0</group_header_label>
                            <group_header_label_xpos></group_header_label_xpos>
                            <group_header_data_xpos></group_header_data_xpos>
                            <group_trailer_label>0</group_trailer_label>
                        </Format>
                    </QueryColumn>
                    <QueryColumn>
                        <Name>totaliva</Name>
                        <TableName>presupuestoscli</TableName>
                        <ColumnName>totaliva</ColumnName>
                        <ColumnType>char</ColumnType>
                        <ColumnLength>30</ColumnLength>
                        <Format>
                            <column_display>hide</column_display>
                            <content_type>plain</content_type>
                            <ColumnStartPDF></ColumnStartPDF>
                            <justify>left</justify>
                            <ColumnWidthPDF></ColumnWidthPDF>
                            <ColumnWidthHTML></ColumnWidthHTML>
                            <column_title></column_title>
                            <tooltip></tooltip>
                            <group_header_label>0</group_header_label>
                            <group_header_label_xpos></group_header_label_xpos>
                            <group_header_data_xpos></group_header_data_xpos>
                            <group_trailer_label>0</group_trailer_label>
                        </Format>
                    </QueryColumn>
                    <QueryColumn>
                        <Name>provincia</Name>
                        <TableName>presupuestoscli</TableName>
                        <ColumnName>provincia</ColumnName>
                        <ColumnType>char</ColumnType>
                        <ColumnLength>30</ColumnLength>
                        <Format>
                            <column_display>hide</column_display>
                            <content_type>plain</content_type>
                            <ColumnStartPDF></ColumnStartPDF>
                            <justify>left</justify>
                            <ColumnWidthPDF></ColumnWidthPDF>
                            <ColumnWidthHTML></ColumnWidthHTML>
                            <column_title></column_title>
                            <tooltip></tooltip>
                            <group_header_label>0</group_header_label>
                            <group_header_label_xpos></group_header_label_xpos>
                            <group_header_data_xpos></group_header_data_xpos>
                            <group_trailer_label>0</group_trailer_label>
                        </Format>
                    </QueryColumn>
                    <QueryColumn>
                        <Name>codigo</Name>
                        <TableName>presupuestoscli</TableName>
                        <ColumnName>codigo</ColumnName>
                        <ColumnType>char</ColumnType>
                        <ColumnLength>30</ColumnLength>
                        <Format>
                            <column_display>hide</column_display>
                            <content_type>plain</content_type>
                            <ColumnStartPDF></ColumnStartPDF>
                            <justify>left</justify>
                            <ColumnWidthPDF></ColumnWidthPDF>
                            <ColumnWidthHTML></ColumnWidthHTML>
                            <column_title>Presupuesto Núm:</column_title>
                            <tooltip></tooltip>
                            <group_header_label>0</group_header_label>
                            <group_header_label_xpos></group_header_label_xpos>
                            <group_header_data_xpos></group_header_data_xpos>
                            <group_trailer_label>0</group_trailer_label>
                        </Format>
                    </QueryColumn>
                    <QueryColumn>
                        <Name>observaciones</Name>
                        <TableName>presupuestoscli</TableName>
                        <ColumnName>observaciones</ColumnName>
                        <ColumnType>char</ColumnType>
                        <ColumnLength>30</ColumnLength>
                        <Format>
                            <column_display>hide</column_display>
                            <content_type>plain</content_type>
                            <ColumnStartPDF></ColumnStartPDF>
                            <justify>left</justify>
                            <ColumnWidthPDF></ColumnWidthPDF>
                            <ColumnWidthHTML></ColumnWidthHTML>
                            <column_title></column_title>
                            <tooltip></tooltip>
                            <group_header_label>0</group_header_label>
                            <group_header_label_xpos></group_header_label_xpos>
                            <group_header_data_xpos></group_header_data_xpos>
                            <group_trailer_label>0</group_trailer_label>
                        </Format>
                    </QueryColumn>
                    <QueryColumn>
                        <Name>codpago</Name>
                        <TableName>presupuestoscli</TableName>
                        <ColumnName>codpago</ColumnName>
                        <ColumnType>char</ColumnType>
                        <ColumnLength>30</ColumnLength>
                        <Format>
                            <column_display>hide</column_display>
                            <content_type>plain</content_type>
                            <ColumnStartPDF></ColumnStartPDF>
                            <justify>left</justify>
                            <ColumnWidthPDF></ColumnWidthPDF>
                            <ColumnWidthHTML></ColumnWidthHTML>
                            <column_title></column_title>
                            <tooltip></tooltip>
                            <group_header_label>0</group_header_label>
                            <group_header_label_xpos></group_header_label_xpos>
                            <group_header_data_xpos></group_header_data_xpos>
                            <group_trailer_label>0</group_trailer_label>
                        </Format>
                    </QueryColumn>
                    <QueryColumn>
                        <Name>pvptotal</Name>
                        <TableName>lineaspresupuestoscli</TableName>
                        <ColumnName>pvptotal</ColumnName>
                        <ColumnType>char</ColumnType>
                        <ColumnLength>30</ColumnLength>
                        <Format>
                            <column_display>hide</column_display>
                            <content_type>plain</content_type>
                            <ColumnStartPDF></ColumnStartPDF>
                            <justify>left</justify>
                            <ColumnWidthPDF></ColumnWidthPDF>
                            <ColumnWidthHTML></ColumnWidthHTML>
                            <column_title></column_title>
                            <tooltip></tooltip>
                            <group_header_label>0</group_header_label>
                            <group_header_label_xpos></group_header_label_xpos>
                            <group_header_data_xpos></group_header_data_xpos>
                            <group_trailer_label>0</group_trailer_label>
                        </Format>
                    </QueryColumn>
                    <QueryColumn>
                        <Name>descripcion</Name>
                        <TableName>lineaspresupuestoscli</TableName>
                        <ColumnName>descripcion</ColumnName>
                        <ColumnType>char</ColumnType>
                        <ColumnLength>30</ColumnLength>
                        <Format>
                            <column_display>show</column_display>
                            <content_type>plain</content_type>
                            <ColumnStartPDF></ColumnStartPDF>
                            <justify>left</justify>
                            <ColumnWidthPDF></ColumnWidthPDF>
                            <ColumnWidthHTML></ColumnWidthHTML>
                            <column_title></column_title>
                            <tooltip></tooltip>
                            <group_header_label>0</group_header_label>
                            <group_header_label_xpos></group_header_label_xpos>
                            <group_header_data_xpos></group_header_data_xpos>
                            <group_trailer_label>0</group_trailer_label>
                        </Format>
                    </QueryColumn>
                    <QueryColumn>
                        <Name>telefono1</Name>
                        <TableName>clientes</TableName>
                        <ColumnName>telefono1</ColumnName>
                        <ColumnType>char</ColumnType>
                        <ColumnLength>30</ColumnLength>
                        <Format>
                            <column_display>hide</column_display>
                            <content_type>plain</content_type>
                            <ColumnStartPDF></ColumnStartPDF>
                            <justify>left</justify>
                            <ColumnWidthPDF></ColumnWidthPDF>
                            <ColumnWidthHTML></ColumnWidthHTML>
                            <column_title>Teléfonos:</column_title>
                            <tooltip></tooltip>
                            <group_header_label>0</group_header_label>
                            <group_header_label_xpos></group_header_label_xpos>
                            <group_header_data_xpos></group_header_data_xpos>
                            <group_trailer_label>0</group_trailer_label>
                        </Format>
                    </QueryColumn>
                    <QueryColumn>
                        <Name>telefono2</Name>
                        <TableName>clientes</TableName>
                        <ColumnName>telefono2</ColumnName>
                        <ColumnType>char</ColumnType>
                        <ColumnLength>30</ColumnLength>
                        <Format>
                            <column_display>hide</column_display>
                            <content_type>plain</content_type>
                            <ColumnStartPDF></ColumnStartPDF>
                            <justify>left</justify>
                            <ColumnWidthPDF></ColumnWidthPDF>
                            <ColumnWidthHTML></ColumnWidthHTML>
                            <column_title></column_title>
                            <tooltip></tooltip>
                            <group_header_label>0</group_header_label>
                            <group_header_label_xpos></group_header_label_xpos>
                            <group_header_data_xpos></group_header_data_xpos>
                            <group_trailer_label>0</group_trailer_label>
                        </Format>
                    </QueryColumn>
                    <QueryColumn>
                        <Name>pvp</Name>
                        <TableName></TableName>
                        <ColumnName>(CASE lineaspresupuestoscli.mostrar_precio WHEN true THEN
                            lineaspresupuestoscli.pvptotal END)
                        </ColumnName>
                        <ColumnType>char</ColumnType>
                        <ColumnLength>30</ColumnLength>
                        <Format>
                            <column_display>show</column_display>
                            <content_type>plain</content_type>
                            <ColumnStartPDF></ColumnStartPDF>
                            <justify>right</justify>
                            <ColumnWidthPDF>11%</ColumnWidthPDF>
                            <ColumnWidthHTML></ColumnWidthHTML>
                            <column_title>Importe</column_title>
                            <tooltip></tooltip>
                            <group_header_label>0</group_header_label>
                            <group_header_label_xpos></group_header_label_xpos>
                            <group_header_data_xpos></group_header_data_xpos>
                            <group_trailer_label>0</group_trailer_label>
                        </Format>
                    </QueryColumn>
                    <QueryColumn>
                        <Name>cant</Name>
                        <TableName></TableName>
                        <ColumnName>(CASE lineaspresupuestoscli.mostrar_cantidad WHEN true THEN
                            lineaspresupuestoscli.cantidad END)
                        </ColumnName>
                        <ColumnType>char</ColumnType>
                        <ColumnLength>30</ColumnLength>
                        <Format>
                            <column_display>show</column_display>
                            <content_type>plain</content_type>
                            <ColumnStartPDF></ColumnStartPDF>
                            <justify>right</justify>
                            <ColumnWidthPDF>9%</ColumnWidthPDF>
                            <ColumnWidthHTML></ColumnWidthHTML>
                            <column_title></column_title>
                            <tooltip></tooltip>
                            <group_header_label>0</group_header_label>
                            <group_header_label_xpos></group_header_label_xpos>
                            <group_header_data_xpos></group_header_data_xpos>
                            <group_trailer_label>0</group_trailer_label>
                        </Format>
                    </QueryColumn>
                    <QueryColumn>
                        <Name>ivalinea</Name>
                        <TableName></TableName>
                        <ColumnName>(CASE lineaspresupuestoscli.mostrar_precio WHEN true THEN lineaspresupuestoscli.iva
                            END)
                        </ColumnName>
                        <ColumnType>char</ColumnType>
                        <ColumnLength>30</ColumnLength>
                        <Format>
                            <column_display>show</column_display>
                            <content_type>plain</content_type>
                            <ColumnStartPDF></ColumnStartPDF>
                            <justify>right</justify>
                            <ColumnWidthPDF>7%</ColumnWidthPDF>
                            <ColumnWidthHTML></ColumnWidthHTML>
                            <column_title>% IVA</column_title>
                            <tooltip></tooltip>
                            <group_header_label>0</group_header_label>
                            <group_header_label_xpos></group_header_label_xpos>
                            <group_header_data_xpos></group_header_data_xpos>
                            <group_trailer_label>0</group_trailer_label>
                        </Format>
                    </QueryColumn>
                    <QueryColumn>
                        <Name>impuestos</Name>
                        <TableName></TableName>
                        <ColumnName>(CASE lineaspresupuestoscli.mostrar_precio WHEN true THEN
                            (lineaspresupuestoscli.pvptotal*lineaspresupuestoscli.iva/100) END)
                        </ColumnName>
                        <ColumnType>char</ColumnType>
                        <ColumnLength>30</ColumnLength>
                        <Format>
                            <column_display>hide</column_display>
                            <content_type>plain</content_type>
                            <ColumnStartPDF></ColumnStartPDF>
                            <justify>left</justify>
                            <ColumnWidthPDF></ColumnWidthPDF>
                            <ColumnWidthHTML></ColumnWidthHTML>
                            <column_title></column_title>
                            <tooltip></tooltip>
                            <group_header_label>0</group_header_label>
                            <group_header_label_xpos></group_header_label_xpos>
                            <group_header_data_xpos></group_header_data_xpos>
                            <group_trailer_label>0</group_trailer_label>
                        </Format>
                    </QueryColumn>
                    <QueryColumn>
                        <Name>totallinea</Name>
                        <TableName></TableName>
                        <ColumnName>(CASE lineaspresupuestoscli.mostrar_precio WHEN true THEN
                            (lineaspresupuestoscli.pvptotal+(lineaspresupuestoscli.pvptotal*lineaspresupuestoscli.iva/100))
                            END)
                        </ColumnName>
                        <ColumnType>char</ColumnType>
                        <ColumnLength>30</ColumnLength>
                        <Format>
                            <column_display>hide</column_display>
                            <content_type>plain</content_type>
                            <ColumnStartPDF></ColumnStartPDF>
                            <justify>left</justify>
                            <ColumnWidthPDF></ColumnWidthPDF>
                            <ColumnWidthHTML></ColumnWidthHTML>
                            <column_title></column_title>
                            <tooltip></tooltip>
                            <group_header_label>0</group_header_label>
                            <group_header_label_xpos></group_header_label_xpos>
                            <group_header_data_xpos></group_header_data_xpos>
                            <group_trailer_label>0</group_trailer_label>
                        </Format>
                    </QueryColumn>
                    <QueryColumn>
                        <Name>neto_pre</Name>
                        <TableName>presupuestoscli</TableName>
                        <ColumnName>neto</ColumnName>
                        <ColumnType>char</ColumnType>
                        <ColumnLength>30</ColumnLength>
                        <Format>
                            <column_display>hide</column_display>
                            <content_type>plain</content_type>
                            <ColumnStartPDF></ColumnStartPDF>
                            <justify>left</justify>
                            <ColumnWidthPDF></ColumnWidthPDF>
                            <ColumnWidthHTML></ColumnWidthHTML>
                            <column_title></column_title>
                            <tooltip></tooltip>
                            <group_header_label>0</group_header_label>
                            <group_header_label_xpos></group_header_label_xpos>
                            <group_header_data_xpos></group_header_data_xpos>
                            <group_trailer_label>0</group_trailer_label>
                        </Format>
                    </QueryColumn>
                    <QueryColumn>
                        <Name>total_pre</Name>
                        <TableName>presupuestoscli</TableName>
                        <ColumnName>total</ColumnName>
                        <ColumnType>char</ColumnType>
                        <ColumnLength>30</ColumnLength>
                        <Format>
                            <column_display>hide</column_display>
                            <content_type>plain</content_type>
                            <ColumnStartPDF></ColumnStartPDF>
                            <justify>left</justify>
                            <ColumnWidthPDF></ColumnWidthPDF>
                            <ColumnWidthHTML></ColumnWidthHTML>
                            <column_title></column_title>
                            <tooltip></tooltip>
                            <group_header_label>0</group_header_label>
                            <group_header_label_xpos></group_header_label_xpos>
                            <group_header_data_xpos></group_header_data_xpos>
                            <group_trailer_label>0</group_trailer_label>
                        </Format>
                    </QueryColumn>
                    <QueryColumn>
                        <Name>totaliva_pre</Name>
                        <TableName>presupuestoscli</TableName>
                        <ColumnName>totaliva</ColumnName>
                        <ColumnType>char</ColumnType>
                        <ColumnLength>30</ColumnLength>
                        <Format>
                            <column_display>hide</column_display>
                            <content_type>plain</content_type>
                            <ColumnStartPDF></ColumnStartPDF>
                            <justify>left</justify>
                            <ColumnWidthPDF></ColumnWidthPDF>
                            <ColumnWidthHTML></ColumnWidthHTML>
                            <column_title></column_title>
                            <tooltip></tooltip>
                            <group_header_label>0</group_header_label>
                            <group_header_label_xpos></group_header_label_xpos>
                            <group_header_data_xpos></group_header_data_xpos>
                            <group_trailer_label>0</group_trailer_label>
                        </Format>
                    </QueryColumn>
                    <QueryColumn>
                        <Name>neto_exp</Name>
                        <TableName>lineaspresupuestoscli</TableName>
                        <ColumnName>pvptotal</ColumnName>
                        <ColumnType>char</ColumnType>
                        <ColumnLength>30</ColumnLength>
                        <Format>
                            <column_display>hide</column_display>
                            <content_type>plain</content_type>
                            <ColumnStartPDF></ColumnStartPDF>
                            <justify>left</justify>
                            <ColumnWidthPDF></ColumnWidthPDF>
                            <ColumnWidthHTML></ColumnWidthHTML>
                            <column_title>Sumas Totales de los Presupuestos:</column_title>
                            <tooltip></tooltip>
                            <group_header_label>0</group_header_label>
                            <group_header_label_xpos></group_header_label_xpos>
                            <group_header_data_xpos></group_header_data_xpos>
                            <group_trailer_label>0</group_trailer_label>
                        </Format>
                    </QueryColumn>
                    <QueryColumn>
                        <Name>id_expediente</Name>
                        <TableName>expediente_documentos</TableName>
                        <ColumnName>id_expediente</ColumnName>
                        <ColumnType>char</ColumnType>
                        <ColumnLength>30</ColumnLength>
                        <Format>
                            <column_display>hide</column_display>
                            <content_type>plain</content_type>
                            <ColumnStartPDF></ColumnStartPDF>
                            <justify>left</justify>
                            <ColumnWidthPDF></ColumnWidthPDF>
                            <ColumnWidthHTML></ColumnWidthHTML>
                            <column_title></column_title>
                            <tooltip></tooltip>
                            <group_header_label>0</group_header_label>
                            <group_header_label_xpos></group_header_label_xpos>
                            <group_header_data_xpos></group_header_data_xpos>
                            <group_trailer_label>0</group_trailer_label>
                        </Format>
                    </QueryColumn>
                    <QueryColumn>
                        <Name>totaliva_exp</Name>
                        <TableName></TableName>
                        <ColumnName>(lineaspresupuestoscli.pvptotal*lineaspresupuestoscli.iva/100)</ColumnName>
                        <ColumnType>char</ColumnType>
                        <ColumnLength>30</ColumnLength>
                        <Format>
                            <column_display>hide</column_display>
                            <content_type>plain</content_type>
                            <ColumnStartPDF></ColumnStartPDF>
                            <justify>left</justify>
                            <ColumnWidthPDF></ColumnWidthPDF>
                            <ColumnWidthHTML></ColumnWidthHTML>
                            <column_title></column_title>
                            <tooltip></tooltip>
                            <group_header_label>0</group_header_label>
                            <group_header_label_xpos></group_header_label_xpos>
                            <group_header_data_xpos></group_header_data_xpos>
                            <group_trailer_label>0</group_trailer_label>
                        </Format>
                    </QueryColumn>
                    <QueryColumn>
                        <Name>total_exp</Name>
                        <TableName></TableName>
                        <ColumnName>
                            (lineaspresupuestoscli.pvptotal+(lineaspresupuestoscli.pvptotal*lineaspresupuestoscli.iva/100))
                        </ColumnName>
                        <ColumnType>char</ColumnType>
                        <ColumnLength>30</ColumnLength>
                        <Format>
                            <column_display>hide</column_display>
                            <content_type>plain</content_type>
                            <ColumnStartPDF></ColumnStartPDF>
                            <justify>left</justify>
                            <ColumnWidthPDF></ColumnWidthPDF>
                            <ColumnWidthHTML></ColumnWidthHTML>
                            <column_title></column_title>
                            <tooltip></tooltip>
                            <group_header_label>0</group_header_label>
                            <group_header_label_xpos></group_header_label_xpos>
                            <group_header_data_xpos></group_header_data_xpos>
                            <group_trailer_label>0</group_trailer_label>
                        </Format>
                    </QueryColumn>
                    <QueryColumn>
                        <Name>id</Name>
                        <TableName>expediente_documentos</TableName>
                        <ColumnName>id</ColumnName>
                        <ColumnType>char</ColumnType>
                        <ColumnLength>30</ColumnLength>
                        <Format>
                            <column_display>hide</column_display>
                            <content_type>plain</content_type>
                            <ColumnStartPDF></ColumnStartPDF>
                            <justify>left</justify>
                            <ColumnWidthPDF></ColumnWidthPDF>
                            <ColumnWidthHTML></ColumnWidthHTML>
                            <column_title></column_title>
                            <tooltip></tooltip>
                            <group_header_label>0</group_header_label>
                            <group_header_label_xpos></group_header_label_xpos>
                            <group_header_data_xpos></group_header_data_xpos>
                            <group_trailer_label>0</group_trailer_label>
                        </Format>
                    </QueryColumn>
                    <QueryColumn>
                        <Name>ObservaGral</Name>
                        <TableName></TableName>
                        <ColumnName></ColumnName>
                        <ColumnType></ColumnType>
                        <ColumnLength></ColumnLength>
                        <Format>
                            <column_display>hide</column_display>
                            <content_type>plain</content_type>
                            <ColumnStartPDF></ColumnStartPDF>
                            <justify>left</justify>
                            <ColumnWidthPDF></ColumnWidthPDF>
                            <ColumnWidthHTML></ColumnWidthHTML>
                            <column_title></column_title>
                            <tooltip></tooltip>
                            <group_header_label>0</group_header_label>
                            <group_header_label_xpos></group_header_label_xpos>
                            <group_header_data_xpos></group_header_data_xpos>
                            <group_trailer_label>0</group_trailer_label>
                        </Format>
                    </QueryColumn>
                    <QueryColumn>
                        <Name>Inilinea</Name>
                        <TableName></TableName>
                        <ColumnName></ColumnName>
                        <ColumnType></ColumnType>
                        <ColumnLength></ColumnLength>
                        <Format>
                            <column_display>show</column_display>
                            <content_type>plain</content_type>
                            <ColumnStartPDF></ColumnStartPDF>
                            <justify>center</justify>
                            <ColumnWidthPDF>2%</ColumnWidthPDF>
                            <ColumnWidthHTML></ColumnWidthHTML>
                            <column_title></column_title>
                            <tooltip></tooltip>
                            <group_header_label>0</group_header_label>
                            <group_header_label_xpos></group_header_label_xpos>
                            <group_header_data_xpos></group_header_data_xpos>
                            <group_trailer_label>0</group_trailer_label>
                        </Format>
                    </QueryColumn>
                    <QueryColumn>
                        <Name>nombrecliente</Name>
                        <TableName>clientes</TableName>
                        <ColumnName>razonsocial</ColumnName>
                        <ColumnType>char</ColumnType>
                        <ColumnLength>30</ColumnLength>
                        <Format>
                            <column_display>hide</column_display>
                            <content_type>plain</content_type>
                            <ColumnStartPDF></ColumnStartPDF>
                            <justify>left</justify>
                            <ColumnWidthPDF></ColumnWidthPDF>
                            <ColumnWidthHTML></ColumnWidthHTML>
                            <column_title>Cliente:</column_title>
                            <tooltip></tooltip>
                            <group_header_label>0</group_header_label>
                            <group_header_label_xpos></group_header_label_xpos>
                            <group_header_data_xpos></group_header_data_xpos>
                            <group_trailer_label>0</group_trailer_label>
                        </Format>
                    </QueryColumn>
                    <QueryColumn>
                        <Name>idemp</Name>
                        <TableName>empresa</TableName>
                        <ColumnName>id</ColumnName>
                        <ColumnType>char</ColumnType>
                        <ColumnLength>30</ColumnLength>
                        <Format>
                            <column_display>hide</column_display>
                            <content_type>plain</content_type>
                            <ColumnStartPDF></ColumnStartPDF>
                            <justify>left</justify>
                            <ColumnWidthPDF></ColumnWidthPDF>
                            <ColumnWidthHTML></ColumnWidthHTML>
                            <column_title></column_title>
                            <tooltip></tooltip>
                            <group_header_label>0</group_header_label>
                            <group_header_label_xpos></group_header_label_xpos>
                            <group_header_data_xpos></group_header_data_xpos>
                            <group_trailer_label>0</group_trailer_label>
                        </Format>
                    </QueryColumn>
                    <QueryColumn>
                        <Name>diremp</Name>
                        <TableName>empresa</TableName>
                        <ColumnName>direccion</ColumnName>
                        <ColumnType>char</ColumnType>
                        <ColumnLength>30</ColumnLength>
                        <Format>
                            <column_display>hide</column_display>
                            <content_type>plain</content_type>
                            <ColumnStartPDF></ColumnStartPDF>
                            <justify>left</justify>
                            <ColumnWidthPDF></ColumnWidthPDF>
                            <ColumnWidthHTML></ColumnWidthHTML>
                            <column_title></column_title>
                            <tooltip></tooltip>
                            <group_header_label>0</group_header_label>
                            <group_header_label_xpos></group_header_label_xpos>
                            <group_header_data_xpos></group_header_data_xpos>
                            <group_trailer_label>0</group_trailer_label>
                        </Format>
                    </QueryColumn>
                    <QueryColumn>
                        <Name>cpemp</Name>
                        <TableName>empresa</TableName>
                        <ColumnName>codpostal</ColumnName>
                        <ColumnType>char</ColumnType>
                        <ColumnLength>30</ColumnLength>
                        <Format>
                            <column_display>hide</column_display>
                            <content_type>plain</content_type>
                            <ColumnStartPDF></ColumnStartPDF>
                            <justify>left</justify>
                            <ColumnWidthPDF></ColumnWidthPDF>
                            <ColumnWidthHTML></ColumnWidthHTML>
                            <column_title></column_title>
                            <tooltip></tooltip>
                            <group_header_label>0</group_header_label>
                            <group_header_label_xpos></group_header_label_xpos>
                            <group_header_data_xpos></group_header_data_xpos>
                            <group_trailer_label>0</group_trailer_label>
                        </Format>
                    </QueryColumn>
                    <QueryColumn>
                        <Name>poblemp</Name>
                        <TableName>empresa</TableName>
                        <ColumnName>ciudad</ColumnName>
                        <ColumnType>char</ColumnType>
                        <ColumnLength>30</ColumnLength>
                        <Format>
                            <column_display>hide</column_display>
                            <content_type>plain</content_type>
                            <ColumnStartPDF></ColumnStartPDF>
                            <justify>left</justify>
                            <ColumnWidthPDF></ColumnWidthPDF>
                            <ColumnWidthHTML></ColumnWidthHTML>
                            <column_title></column_title>
                            <tooltip></tooltip>
                            <group_header_label>0</group_header_label>
                            <group_header_label_xpos></group_header_label_xpos>
                            <group_header_data_xpos></group_header_data_xpos>
                            <group_trailer_label>0</group_trailer_label>
                        </Format>
                    </QueryColumn>
                    <QueryColumn>
                        <Name>telemp</Name>
                        <TableName>empresa</TableName>
                        <ColumnName>telefono</ColumnName>
                        <ColumnType>char</ColumnType>
                        <ColumnLength>30</ColumnLength>
                        <Format>
                            <column_display>hide</column_display>
                            <content_type>plain</content_type>
                            <ColumnStartPDF></ColumnStartPDF>
                            <justify>left</justify>
                            <ColumnWidthPDF></ColumnWidthPDF>
                            <ColumnWidthHTML></ColumnWidthHTML>
                            <column_title></column_title>
                            <tooltip></tooltip>
                            <group_header_label>0</group_header_label>
                            <group_header_label_xpos></group_header_label_xpos>
                            <group_header_data_xpos></group_header_data_xpos>
                            <group_trailer_label>0</group_trailer_label>
                        </Format>
                    </QueryColumn>
                    <QueryColumn>
                        <Name>webemp</Name>
                        <TableName>empresa</TableName>
                        <ColumnName>web</ColumnName>
                        <ColumnType>char</ColumnType>
                        <ColumnLength>30</ColumnLength>
                        <Format>
                            <column_display>hide</column_display>
                            <content_type>plain</content_type>
                            <ColumnStartPDF></ColumnStartPDF>
                            <justify>left</justify>
                            <ColumnWidthPDF></ColumnWidthPDF>
                            <ColumnWidthHTML></ColumnWidthHTML>
                            <column_title></column_title>
                            <tooltip></tooltip>
                            <group_header_label>0</group_header_label>
                            <group_header_label_xpos></group_header_label_xpos>
                            <group_header_data_xpos></group_header_data_xpos>
                            <group_trailer_label>0</group_trailer_label>
                        </Format>
                    </QueryColumn>
                    <QueryColumn>
                        <Name>piefacemp</Name>
                        <TableName>empresa</TableName>
                        <ColumnName>pie_factura</ColumnName>
                        <ColumnType>char</ColumnType>
                        <ColumnLength>30</ColumnLength>
                        <Format>
                            <column_display>hide</column_display>
                            <content_type>plain</content_type>
                            <ColumnStartPDF></ColumnStartPDF>
                            <justify>left</justify>
                            <ColumnWidthPDF></ColumnWidthPDF>
                            <ColumnWidthHTML></ColumnWidthHTML>
                            <column_title></column_title>
                            <tooltip></tooltip>
                            <group_header_label>0</group_header_label>
                            <group_header_label_xpos></group_header_label_xpos>
                            <group_header_data_xpos></group_header_data_xpos>
                            <group_trailer_label>0</group_trailer_label>
                        </Format>
                    </QueryColumn>
                    <QueryColumn>
                        <Name>SumGroupPtoPed</Name>
                        <TableName></TableName>
                        <ColumnName></ColumnName>
                        <ColumnType></ColumnType>
                        <ColumnLength></ColumnLength>
                        <Format>
                            <column_display>hide</column_display>
                            <content_type>plain</content_type>
                            <ColumnStartPDF></ColumnStartPDF>
                            <justify>left</justify>
                            <ColumnWidthPDF></ColumnWidthPDF>
                            <ColumnWidthHTML></ColumnWidthHTML>
                            <column_title>Sumas del Presupuesto:</column_title>
                            <tooltip></tooltip>
                            <group_header_label>0</group_header_label>
                            <group_header_label_xpos></group_header_label_xpos>
                            <group_header_data_xpos></group_header_data_xpos>
                            <group_trailer_label>0</group_trailer_label>
                        </Format>
                    </QueryColumn>
                    <QueryColumn>
                        <Name>agnom</Name>
                        <TableName>agentes</TableName>
                        <ColumnName>nombre</ColumnName>
                        <ColumnType>char</ColumnType>
                        <ColumnLength>30</ColumnLength>
                        <Format>
                            <column_display>hide</column_display>
                            <content_type>plain</content_type>
                            <ColumnStartPDF></ColumnStartPDF>
                            <justify>left</justify>
                            <ColumnWidthPDF></ColumnWidthPDF>
                            <ColumnWidthHTML></ColumnWidthHTML>
                            <column_title></column_title>
                            <tooltip></tooltip>
                            <group_header_label>0</group_header_label>
                            <group_header_label_xpos></group_header_label_xpos>
                            <group_header_data_xpos></group_header_data_xpos>
                            <group_trailer_label>0</group_trailer_label>
                        </Format>
                    </QueryColumn>
                    <QueryColumn>
                        <Name>agmail</Name>
                        <TableName>fs_users</TableName>
                        <ColumnName>email</ColumnName>
                        <ColumnType>char</ColumnType>
                        <ColumnLength>30</ColumnLength>
                        <Format>
                            <column_display>hide</column_display>
                            <content_type>plain</content_type>
                            <ColumnStartPDF></ColumnStartPDF>
                            <justify>left</justify>
                            <ColumnWidthPDF></ColumnWidthPDF>
                            <ColumnWidthHTML></ColumnWidthHTML>
                            <column_title></column_title>
                            <tooltip></tooltip>
                            <group_header_label>0</group_header_label>
                            <group_header_label_xpos></group_header_label_xpos>
                            <group_header_data_xpos></group_header_data_xpos>
                            <group_trailer_label>0</group_trailer_label>
                        </Format>
                    </QueryColumn>
                    <QueryColumn>
                        <Name>codagente</Name>
                        <TableName>agentes</TableName>
                        <ColumnName>codagente</ColumnName>
                        <ColumnType>char</ColumnType>
                        <ColumnLength>30</ColumnLength>
                        <Format>
                            <column_display>hide</column_display>
                            <content_type>plain</content_type>
                            <ColumnStartPDF></ColumnStartPDF>
                            <justify>left</justify>
                            <ColumnWidthPDF></ColumnWidthPDF>
                            <ColumnWidthHTML></ColumnWidthHTML>
                            <column_title></column_title>
                            <tooltip></tooltip>
                            <group_header_label>0</group_header_label>
                            <group_header_label_xpos></group_header_label_xpos>
                            <group_header_data_xpos></group_header_data_xpos>
                            <group_trailer_label>0</group_trailer_label>
                        </Format>
                    </QueryColumn>
                </QueryColumns>
                <OrderColumns></OrderColumns>
                <PreSQLS></PreSQLS>
            </Query>
            <Assignments>
                <Assignment>
                    <AssignName>cant</AssignName>
                    <AssignNameNew></AssignNameNew>
                    <Expression>number_format(({cant}),2,',','.')</Expression>
                    <Condition>{cant}!=false</Condition>
                </Assignment>
                <Assignment>
                    <AssignName>pvp</AssignName>
                    <AssignNameNew></AssignNameNew>
                    <Expression>number_format(({pvp}),2,',','.')</Expression>
                    <Condition>{pvp}!=false</Condition>
                </Assignment>
                <Assignment>
                    <AssignName>totallinea</AssignName>
                    <AssignNameNew></AssignNameNew>
                    <Expression>number_format(({totallinea}),2,',','.')</Expression>
                    <Condition>{pvp}!=false</Condition>
                </Assignment>
                <Assignment>
                    <AssignName>neto_exp</AssignName>
                    <AssignNameNew></AssignNameNew>
                    <Expression>&quot;\nNeto: &quot;.number_format(sum({neto_exp}),2,',','.').&quot;€&quot;.&quot; IVA:
                        &quot;.number_format(sum({totaliva_exp}),2,',','.').&quot;€&quot;.&quot; Total: &quot;.number_format(sum({total_exp}),2,',','.').&quot;€&quot;
                    </Expression>
                    <Condition></Condition>
                </Assignment>
                <Assignment>
                    <AssignName>Inilinea</AssignName>
                    <AssignNameNew></AssignNameNew>
                    <Expression>&quot;•&quot;</Expression>
                    <Condition></Condition>
                </Assignment>
                <Assignment>
                    <AssignName>descripcion</AssignName>
                    <AssignNameNew></AssignNameNew>
                    <Expression>apply_style('ALLCELLS', 'padding', '0 0 5 0');</Expression>
                    <Condition></Condition>
                </Assignment>
                <Assignment>
                    <AssignName>descfpago</AssignName>
                    <AssignNameNew></AssignNameNew>
                    <Expression>&quot;Obs :&quot;.&quot;\n&quot;.{descfpago}</Expression>
                    <Condition></Condition>
                </Assignment>
                <Assignment>
                    <AssignName>SumGroupPtoPed</AssignName>
                    <AssignNameNew></AssignNameNew>
                    <Expression>{codigo}.&quot;\n&quot;.{numero2}.&quot;\n&quot;.&quot; \nNeto: &quot;.number_format({neto_pre},2,',','.').&quot;€&quot;.&quot;
                        IVA: &quot;.number_format({totaliva_pre},2,',','.').&quot;€&quot;.&quot; Total: &quot;.number_format({total_pre},2,',','.').&quot;€&quot;
                    </Expression>
                    <Condition></Condition>
                </Assignment>
                <Assignment>
                    <AssignName>agnom</AssignName>
                    <AssignNameNew></AssignNameNew>
                    <Expression>&quot;Le atendió: &quot;.{agnom}.&quot; (&quot;.{agmail}.&quot;) &quot;.{telemp}.&quot;
                        &quot;.{diremp}.&quot; &quot;.{cpemp}.&quot; - &quot;.{poblemp}
                    </Expression>
                    <Condition></Condition>
                </Assignment>
                <Assignment>
                    <AssignName>telefono1</AssignName>
                    <AssignNameNew></AssignNameNew>
                    <Expression>{telefono1}.&quot; - &quot;.{telefono2}</Expression>
                    <Condition></Condition>
                </Assignment>
            </Assignments>
            <Criteria>
                <CriteriaItem>
                    <Name>id</Name>
                    <Title>ID de Expediente</Title>
                    <QueryTableName></QueryTableName>
                    <QueryColumnName>expedientes.id</QueryColumnName>
                    <CriteriaType>LOOKUP</CriteriaType>
                    <CriteriaDisplay>NOINPUT</CriteriaDisplay>
                    <ExpandDisplay>NOINPUT</ExpandDisplay>
                    <ReturnColumn>id</ReturnColumn>
                    <DisplayColumn>id</DisplayColumn>
                    <OverviewColumn>id</OverviewColumn>
                    <MatchColumn>id</MatchColumn>
                    <CriteriaDefaults></CriteriaDefaults>
                    <CriteriaList></CriteriaList>
                    <Query>
                        <TableSql></TableSql>
                        <WhereSql></WhereSql>
                        <GroupSql></GroupSql>
                        <RowSelection></RowSelection>
                        <SQLRaw>SELECT expedientes.id
                            FROM expedientes
                            [WHERE expedientes.id={id_expediente,VALUE}]
                            ORDER BY expedientes.id ASC
                        </SQLRaw>
                        <SQL>
                            <QuerySql></QuerySql>
                        </SQL>
                        <QueryColumns>
                            <QueryColumn>
                                <Name>id</Name>
                                <TableName>expedientes</TableName>
                                <ColumnName>id</ColumnName>
                                <ColumnType>char</ColumnType>
                                <ColumnLength>30</ColumnLength>
                                <Format>
                                    <column_display>show</column_display>
                                    <content_type>plain</content_type>
                                    <justify>left</justify>
                                </Format>
                            </QueryColumn>
                        </QueryColumns>
                        <OrderColumns></OrderColumns>
                        <Assignments></Assignments>
                    </Query>
                    <CriteriaLinks></CriteriaLinks>
                </CriteriaItem>
            </Criteria>
            <Output>
                <PageHeaders>
                    <PageHeader>
                        <LineNumber>1</LineNumber>
                        <HeaderText>Agrupación de Presupuestos Número: {expid}{STYLE border-width: 1 0 1 0; margin: 15px 0px 0px 0px; border-color: #d1d4d7; font-size: 16; border-style: solid;padding:5px 0px 5px 0px; height:1cm; background-color: #d1d4d7; color: #fffff; text-align: center}</HeaderText>
                        <Format>
                            <ColumnStartPDF></ColumnStartPDF>
                            <justify>center</justify>
                            <ColumnWidthPDF></ColumnWidthPDF>
                            <ShowInPDF>yes</ShowInPDF>
                            <ShowInHTML>false</ShowInHTML>
                        </Format>
                    </PageHeader>
                    <PageHeader>
                        <LineNumber>1</LineNumber>
                        <HeaderText>{poblemp}, date('d-m-Y H:i:s') Página: {PAGE}{STYLE font-size:10pt;}</HeaderText>
                        <Format>
                            <ColumnStartPDF></ColumnStartPDF>
                            <justify>right</justify>
                            <ColumnWidthPDF></ColumnWidthPDF>
                            <ShowInPDF>yes</ShowInPDF>
                            <ShowInHTML>no</ShowInHTML>
                        </Format>
                    </PageHeader>
                </PageHeaders>
                <PageFooters>
                    <PageFooter>
                        <LineNumber>2</LineNumber>
                        <FooterText>{agnom}{STYLE border-width: 1 0 0 0; margin: 40 0 0 0; font-style: italic; font-size: 9}</FooterText>
                        <Format>
                            <ColumnStartPDF></ColumnStartPDF>
                            <justify>center</justify>
                            <ColumnWidthPDF></ColumnWidthPDF>
                            <ShowInPDF>yes</ShowInPDF>
                            <ShowInHTML>no</ShowInHTML>
                        </Format>
                    </PageFooter>
                </PageFooters>
                <DisplayOrders>
                    <DisplayOrder>
                        <ColumnName>pvptotal</ColumnName>
                        <OrderNumber>1</OrderNumber>
                    </DisplayOrder>
                    <DisplayOrder>
                        <ColumnName>ivalinea</ColumnName>
                        <OrderNumber>2</OrderNumber>
                    </DisplayOrder>
                    <DisplayOrder>
                        <ColumnName>pvp</ColumnName>
                        <OrderNumber>3</OrderNumber>
                    </DisplayOrder>
                    <DisplayOrder>
                        <ColumnName>cant</ColumnName>
                        <OrderNumber>4</OrderNumber>
                    </DisplayOrder>
                    <DisplayOrder>
                        <ColumnName>Inilinea</ColumnName>
                        <OrderNumber>5</OrderNumber>
                    </DisplayOrder>
                    <DisplayOrder>
                        <ColumnName>descripcion</ColumnName>
                        <OrderNumber>6</OrderNumber>
                    </DisplayOrder>
                    <DisplayOrder>
                        <ColumnName>id_presupuesto_ventas</ColumnName>
                        <OrderNumber>7</OrderNumber>
                    </DisplayOrder>
                    <DisplayOrder>
                        <ColumnName>idpresupuesto</ColumnName>
                        <OrderNumber>8</OrderNumber>
                    </DisplayOrder>
                    <DisplayOrder>
                        <ColumnName>codcliente</ColumnName>
                        <OrderNumber>9</OrderNumber>
                    </DisplayOrder>
                    <DisplayOrder>
                        <ColumnName>nombrecliente</ColumnName>
                        <OrderNumber>10</OrderNumber>
                    </DisplayOrder>
                    <DisplayOrder>
                        <ColumnName>direccion</ColumnName>
                        <OrderNumber>11</OrderNumber>
                    </DisplayOrder>
                    <DisplayOrder>
                        <ColumnName>ciudad</ColumnName>
                        <OrderNumber>12</OrderNumber>
                    </DisplayOrder>
                    <DisplayOrder>
                        <ColumnName>numero2</ColumnName>
                        <OrderNumber>13</OrderNumber>
                    </DisplayOrder>
                    <DisplayOrder>
                        <ColumnName>cifnif</ColumnName>
                        <OrderNumber>14</OrderNumber>
                    </DisplayOrder>
                    <DisplayOrder>
                        <ColumnName>neto</ColumnName>
                        <OrderNumber>15</OrderNumber>
                    </DisplayOrder>
                    <DisplayOrder>
                        <ColumnName>total</ColumnName>
                        <OrderNumber>16</OrderNumber>
                    </DisplayOrder>
                    <DisplayOrder>
                        <ColumnName>totaliva</ColumnName>
                        <OrderNumber>17</OrderNumber>
                    </DisplayOrder>
                    <DisplayOrder>
                        <ColumnName>provincia</ColumnName>
                        <OrderNumber>18</OrderNumber>
                    </DisplayOrder>
                    <DisplayOrder>
                        <ColumnName>codigo</ColumnName>
                        <OrderNumber>19</OrderNumber>
                    </DisplayOrder>
                    <DisplayOrder>
                        <ColumnName>observaciones</ColumnName>
                        <OrderNumber>20</OrderNumber>
                    </DisplayOrder>
                    <DisplayOrder>
                        <ColumnName>codpago</ColumnName>
                        <OrderNumber>21</OrderNumber>
                    </DisplayOrder>
                    <DisplayOrder>
                        <ColumnName>impuestos</ColumnName>
                        <OrderNumber>22</OrderNumber>
                    </DisplayOrder>
                    <DisplayOrder>
                        <ColumnName>totallinea</ColumnName>
                        <OrderNumber>23</OrderNumber>
                    </DisplayOrder>
                    <DisplayOrder>
                        <ColumnName>telefono1</ColumnName>
                        <OrderNumber>24</OrderNumber>
                    </DisplayOrder>
                    <DisplayOrder>
                        <ColumnName>telefono2</ColumnName>
                        <OrderNumber>25</OrderNumber>
                    </DisplayOrder>
                    <DisplayOrder>
                        <ColumnName>id_expediente</ColumnName>
                        <OrderNumber>26</OrderNumber>
                    </DisplayOrder>
                    <DisplayOrder>
                        <ColumnName>ObservaGral</ColumnName>
                        <OrderNumber>27</OrderNumber>
                    </DisplayOrder>
                    <DisplayOrder>
                        <ColumnName>SumGroupPtoPed</ColumnName>
                        <OrderNumber>28</OrderNumber>
                    </DisplayOrder>
                    <DisplayOrder>
                        <ColumnName>neto_pre</ColumnName>
                        <OrderNumber>29</OrderNumber>
                    </DisplayOrder>
                    <DisplayOrder>
                        <ColumnName>total_pre</ColumnName>
                        <OrderNumber>30</OrderNumber>
                    </DisplayOrder>
                    <DisplayOrder>
                        <ColumnName>totaliva_pre</ColumnName>
                        <OrderNumber>31</OrderNumber>
                    </DisplayOrder>
                    <DisplayOrder>
                        <ColumnName>neto_exp</ColumnName>
                        <OrderNumber>32</OrderNumber>
                    </DisplayOrder>
                    <DisplayOrder>
                        <ColumnName>total_exp</ColumnName>
                        <OrderNumber>33</OrderNumber>
                    </DisplayOrder>
                    <DisplayOrder>
                        <ColumnName>totaliva_exp</ColumnName>
                        <OrderNumber>34</OrderNumber>
                    </DisplayOrder>
                    <DisplayOrder>
                        <ColumnName>id</ColumnName>
                        <OrderNumber>35</OrderNumber>
                    </DisplayOrder>
                    <DisplayOrder>
                        <ColumnName>idemp</ColumnName>
                        <OrderNumber>36</OrderNumber>
                    </DisplayOrder>
                    <DisplayOrder>
                        <ColumnName>diremp</ColumnName>
                        <OrderNumber>37</OrderNumber>
                    </DisplayOrder>
                    <DisplayOrder>
                        <ColumnName>cpemp</ColumnName>
                        <OrderNumber>38</OrderNumber>
                    </DisplayOrder>
                    <DisplayOrder>
                        <ColumnName>poblemp</ColumnName>
                        <OrderNumber>39</OrderNumber>
                    </DisplayOrder>
                    <DisplayOrder>
                        <ColumnName>telemp</ColumnName>
                        <OrderNumber>40</OrderNumber>
                    </DisplayOrder>
                    <DisplayOrder>
                        <ColumnName>webemp</ColumnName>
                        <OrderNumber>41</OrderNumber>
                    </DisplayOrder>
                    <DisplayOrder>
                        <ColumnName>piefacemp</ColumnName>
                        <OrderNumber>42</OrderNumber>
                    </DisplayOrder>
                    <DisplayOrder>
                        <ColumnName>codagente</ColumnName>
                        <OrderNumber>43</OrderNumber>
                    </DisplayOrder>
                    <DisplayOrder>
                        <ColumnName>agnom</ColumnName>
                        <OrderNumber>44</OrderNumber>
                    </DisplayOrder>
                    <DisplayOrder>
                        <ColumnName>agmail</ColumnName>
                        <OrderNumber>45</OrderNumber>
                    </DisplayOrder>
                    <DisplayOrder>
                        <ColumnName>expid</ColumnName>
                        <OrderNumber>46</OrderNumber>
                    </DisplayOrder>
                    <DisplayOrder>
                        <ColumnName>descfpago</ColumnName>
                        <OrderNumber>47</OrderNumber>
                    </DisplayOrder>
                </DisplayOrders>
                <Groups>
                    <Group>
                        <GroupName>codcliente</GroupName>
                        <BeforeGroupHeader>blankline</BeforeGroupHeader>
                        <AfterGroupHeader>solidline</AfterGroupHeader>
                        <BeforeGroupTrailer>newpage</BeforeGroupTrailer>
                        <AfterGroupTrailer>blankline</AfterGroupTrailer>
                        <GroupHeaders>
                            <GroupHeader>
                                <GroupHeaderColumn>cifnif</GroupHeaderColumn>
                                <GroupHeaderCustom></GroupHeaderCustom>
                            </GroupHeader>
                            <GroupHeader>
                                <GroupHeaderColumn>nombrecliente</GroupHeaderColumn>
                                <GroupHeaderCustom></GroupHeaderCustom>
                            </GroupHeader>
                            <GroupHeader>
                                <GroupHeaderColumn>direccion</GroupHeaderColumn>
                                <GroupHeaderCustom></GroupHeaderCustom>
                            </GroupHeader>
                            <GroupHeader>
                                <GroupHeaderColumn>ciudad</GroupHeaderColumn>
                                <GroupHeaderCustom></GroupHeaderCustom>
                            </GroupHeader>
                            <GroupHeader>
                                <GroupHeaderColumn>telefono1</GroupHeaderColumn>
                                <GroupHeaderCustom></GroupHeaderCustom>
                            </GroupHeader>
                        </GroupHeaders>
                        <GroupTrailers>
                            <GroupTrailer>
                                <GroupTrailerDisplayColumn>descripcion</GroupTrailerDisplayColumn>
                                <GroupTrailerValueColumn>ObservaGral</GroupTrailerValueColumn>
                                <GroupTrailerCustom>Importes Totales de La Agrupación: {expid}<br><br>{neto_exp}<br><br><br>{descfpago}<br><br><br>***NOTA:
                                    Si en el transcurso de la obra se produjeran daños en tabiques al colocar cajetines
                                    o hacer regatas, etc, estos serán reparados con yeso o mortero y repasado con
                                    pintura similar a la existente.

                                    Los trabajos que no estén especificados en este presupuesto, no estarán incluidos en
                                    el precio.

                                    CUALQUIER CAMBIO POSTERIOR A LA FIRMA DE ESTE PRESUPUESTO, DEBERA CONTAR CON LA
                                    APROBACION DE AMBAS PARTES.

                                    Será responsabilidad y por cuenta del cliente la tramitación y obtención de
                                    cualquier permiso necesario para la realización de los trabajos aquí presupuestados
                                    (ya sea de caracter local, de comunidad de vecinos o de cualquier otro).

                                    En cumplimiento de la Ley Orgánica 15/1999, de 13 de diciembre, de Protección de
                                    Datos de Carácter Personal, le informamos que los datos personales que nos
                                    suministre serán tratados de forma confidencial y pasarán a formar parte de un
                                    fichero titularidad de reformes PREBAC,s.a. Sus datos personales Serán utilizados
                                    únicamente para la prestación de los servicios ofrecidos. Así mismo, le informamos
                                    que puede ejercitar sus derechos de acceso, rectificación, cancelación y oposición,
                                    enviando una carta junto con la fotocopia de su DNI, a la siguiente dirección:
                                    reformesPREBAC,s.a. Calle Diputación, nº 468 Local Izda., 08013 BARCELONA..{STYLE
                                    margin:0 5 0 5;}
                                </GroupTrailerCustom>
                            </GroupTrailer>
                        </GroupTrailers>
                    </Group>
                    <Group>
                        <GroupName>id_expediente</GroupName>
                        <BeforeGroupHeader>blankline</BeforeGroupHeader>
                        <AfterGroupHeader>blankline</AfterGroupHeader>
                        <BeforeGroupTrailer>blankline</BeforeGroupTrailer>
                        <AfterGroupTrailer>blankline</AfterGroupTrailer>
                        <GroupHeaders></GroupHeaders>
                        <GroupTrailers></GroupTrailers>
                    </Group>
                    <Group>
                        <GroupName>idpresupuesto</GroupName>
                        <BeforeGroupHeader>newpage</BeforeGroupHeader>
                        <AfterGroupHeader>blankline</AfterGroupHeader>
                        <BeforeGroupTrailer>blankline</BeforeGroupTrailer>
                        <AfterGroupTrailer>blankline</AfterGroupTrailer>
                        <GroupHeaders>
                            <GroupHeader>
                                <GroupHeaderColumn>codigo</GroupHeaderColumn>
                                <GroupHeaderCustom></GroupHeaderCustom>
                            </GroupHeader>
                            <GroupHeader>
                                <GroupHeaderColumn>numero2</GroupHeaderColumn>
                                <GroupHeaderCustom></GroupHeaderCustom>
                            </GroupHeader>
                        </GroupHeaders>
                        <GroupTrailers>
                            <GroupTrailer>
                                <GroupTrailerDisplayColumn>descripcion</GroupTrailerDisplayColumn>
                                <GroupTrailerValueColumn>SumGroupPtoPed</GroupTrailerValueColumn>
                                <GroupTrailerCustom></GroupTrailerCustom>
                            </GroupTrailer>
                        </GroupTrailers>
                    </Group>
                </Groups>
                <Graphs></Graphs>
            </Output>
        </EntryForm>
    </ReportQuery>
</Report>