<?xml version="1.0"?>
<Report>
    <ReportQuery>
        <Format>
            <ReportTitle>VENTAS - Diseño de impresión para Inicios de Pedidos</ReportTitle>
            <ReportDescription>Diseño de impresión para Inicios de Pedidos
                &lt;br/&gt;
                Agrupa los presupuestos, sin valorar, dentro del pedido, respetando el orden si se ha maquetado.
                &lt;br/&gt;
                &lt;b&gt;Diseñado por:&lt;/b&gt; Jorge L. Almendros
                &lt;br/&gt;
                &lt;b&gt;Adaptado a FacturaScripts por:&lt;/b&gt; Francesc Pineda Segarra
            </ReportDescription>
            <PageSize>.DEFAULT</PageSize>
            <PageOrientation>.DEFAULT</PageOrientation>
            <TopMargin/>
            <BottomMargin/>
            <RightMargin/>
            <LeftMargin/>
            <pdfFont>dejavusans</pdfFont>
            <pdfFontSize>10</pdfFontSize>
            <PreExecuteCode>NONE</PreExecuteCode>
            <formBetweenRows>blankline</formBetweenRows>
            <gridDisplay>.DEFAULT</gridDisplay>
            <gridSortable>.DEFAULT</gridSortable>
            <gridSearchable>.DEFAULT</gridSearchable>
            <gridPageable>.DEFAULT</gridPageable>
            <gridPageSize>.DEFAULT</gridPageSize>
        </Format>
        <Datasource>
            <SourceType>database</SourceType>
            <SourceConnection>
                <DatabaseType>mysql</DatabaseType>
                <DatabaseName/>
                <HostName/>
                <ServiceName/>
                <UserName/>
                <Password/>
            </SourceConnection>
        </Datasource>
        <EntryForm>
            <Query>
                <TableSql/>
                <WhereSql/>
                <GroupSql/>
                <RowSelection>all</RowSelection>
                <SQL>
                    <QuerySql/>
                    <SQLRaw>SELECT
                        pedidoscli.idpedido,
                        pedidoscli.codcliente,
                        pedidoscli.nombrecliente,
                        pedidoscli.direccion,
                        pedidoscli.ciudad,
                        pedidoscli.numero2,
                        pedidoscli.cifnif,
                        pedidoscli.neto,
                        pedidoscli.total,
                        pedidoscli.totaliva,
                        pedidoscli.provincia,
                        pedidoscli.codigo,
                        pedidoscli.observaciones,
                        pedidoscli.codpago,

                        (lineaspedidoscli.pvptotal*lineaspedidoscli.iva/100) totaliva_pre,
                        (lineaspedidoscli.pvptotal+(lineaspedidoscli.pvptotal*lineaspedidoscli.iva/100)) total_pre,
                        lineaspedidoscli.pvptotal neto_pre,

                        lineaspedidoscli.idpedido,
                        lineaspedidoscli.idpresupuesto,
                        lineaspedidoscli.descripcion,
                        lineaspedidoscli.orden,


                        ( CASE lineaspedidoscli.mostrar_precio WHEN true THEN lineaspedidoscli.pvptotal END) pvp,
                        ( CASE lineaspedidoscli.mostrar_cantidad WHEN true THEN lineaspedidoscli.cantidad END) cant,
                        ( CASE lineaspedidoscli.mostrar_precio WHEN true THEN lineaspedidoscli.iva END) ivalinea,
                        ( CASE lineaspedidoscli.mostrar_precio WHEN true THEN
                        (lineaspedidoscli.pvptotal*lineaspedidoscli.iva/100) END) impuestos,
                        ( CASE lineaspedidoscli.mostrar_precio WHEN true THEN
                        (lineaspedidoscli.pvptotal+(lineaspedidoscli.pvptotal*lineaspedidoscli.iva/100)) END)
                        totallinea,

                        presupuestoscli.codigo ptocodigo,
                        presupuestoscli.idpresupuesto ptoid,
                        presupuestoscli.numero2 ptonum2,

                        clientes.codcliente,
                        clientes.telefono1,
                        clientes.telefono2,

                        empresa.id idemp,
                        empresa.direccion diremp,
                        empresa.codpostal cpemp,
                        empresa.ciudad poblemp,
                        empresa.telefono telemp,
                        empresa.web webemp,

                        agentes.codagente,
                        agentes.nombre agnom,
                        fs_users.email agmail

                        FROM pedidoscli
                        LEFT JOIN lineaspedidoscli ON pedidoscli.idpedido = lineaspedidoscli.idpedido
                        LEFT JOIN presupuestoscli ON lineaspedidoscli.idpresupuesto = presupuestoscli.idpresupuesto
                        LEFT JOIN clientes ON pedidoscli.codcliente = clientes.codcliente
                        LEFT JOIN empresa ON empresa.id = 1
                        LEFT JOIN agentes ON presupuestoscli.codagente = agentes.codagente
                        LEFT JOIN fs_users ON agentes.codagente = fs_users.codagente

                        WHERE 1 = 1

                        ORDER BY
                        presupuestoscli.idpresupuesto ASC,
                        lineaspedidoscli.orden DESC
                    </SQLRaw>
                </SQL>
                <QueryColumns>
                    <QueryColumn>
                        <Name>idpedido</Name>
                        <TableName>lineaspedidoscli</TableName>
                        <ColumnName>idpedido</ColumnName>
                        <ColumnType>char</ColumnType>
                        <ColumnLength>30</ColumnLength>
                        <Format>
                            <column_display>hide</column_display>
                            <content_type>plain</content_type>
                            <ColumnStartPDF/>
                            <justify>left</justify>
                            <ColumnWidthPDF/>
                            <ColumnWidthHTML/>
                            <column_title>ID de Pedido:</column_title>
                            <tooltip/>
                            <group_header_label>0</group_header_label>
                            <group_header_label_xpos/>
                            <group_header_data_xpos/>
                            <group_trailer_label>0</group_trailer_label>
                        </Format>
                    </QueryColumn>
                    <QueryColumn>
                        <Name>direccion</Name>
                        <TableName>pedidoscli</TableName>
                        <ColumnName>direccion</ColumnName>
                        <ColumnType>char</ColumnType>
                        <ColumnLength>30</ColumnLength>
                        <Format>
                            <column_display>hide</column_display>
                            <content_type>plain</content_type>
                            <ColumnStartPDF/>
                            <justify>left</justify>
                            <ColumnWidthPDF/>
                            <ColumnWidthHTML/>
                            <column_title>Dirección:</column_title>
                            <tooltip/>
                            <group_header_label>0</group_header_label>
                            <group_header_label_xpos/>
                            <group_header_data_xpos/>
                            <group_trailer_label>0</group_trailer_label>
                        </Format>
                    </QueryColumn>
                    <QueryColumn>
                        <Name>ciudad</Name>
                        <TableName>pedidoscli</TableName>
                        <ColumnName>ciudad</ColumnName>
                        <ColumnType>char</ColumnType>
                        <ColumnLength>30</ColumnLength>
                        <Format>
                            <column_display>hide</column_display>
                            <content_type>plain</content_type>
                            <ColumnStartPDF/>
                            <justify>left</justify>
                            <ColumnWidthPDF/>
                            <ColumnWidthHTML/>
                            <column_title>Ciudad:</column_title>
                            <tooltip/>
                            <group_header_label>0</group_header_label>
                            <group_header_label_xpos/>
                            <group_header_data_xpos/>
                            <group_trailer_label>0</group_trailer_label>
                        </Format>
                    </QueryColumn>
                    <QueryColumn>
                        <Name>numero2</Name>
                        <TableName>pedidoscli</TableName>
                        <ColumnName>numero2</ColumnName>
                        <ColumnType>char</ColumnType>
                        <ColumnLength>60</ColumnLength>
                        <Format>
                            <column_display>hide</column_display>
                            <content_type>plain</content_type>
                            <ColumnStartPDF/>
                            <justify>left</justify>
                            <ColumnWidthPDF>60</ColumnWidthPDF>
                            <ColumnWidthHTML/>
                            <column_title/>
                            <tooltip/>
                            <group_header_label>0</group_header_label>
                            <group_header_label_xpos/>
                            <group_header_data_xpos/>
                            <group_trailer_label>0</group_trailer_label>
                        </Format>
                    </QueryColumn>
                    <QueryColumn>
                        <Name>cifnif</Name>
                        <TableName>pedidoscli</TableName>
                        <ColumnName>cifnif</ColumnName>
                        <ColumnType>char</ColumnType>
                        <ColumnLength>30</ColumnLength>
                        <Format>
                            <column_display>hide</column_display>
                            <content_type>plain</content_type>
                            <ColumnStartPDF/>
                            <justify>left</justify>
                            <ColumnWidthPDF/>
                            <ColumnWidthHTML/>
                            <column_title>CIF/NIF:</column_title>
                            <tooltip/>
                            <group_header_label>0</group_header_label>
                            <group_header_label_xpos/>
                            <group_header_data_xpos/>
                            <group_trailer_label>0</group_trailer_label>
                        </Format>
                    </QueryColumn>
                    <QueryColumn>
                        <Name>neto</Name>
                        <TableName>pedidoscli</TableName>
                        <ColumnName>neto</ColumnName>
                        <ColumnType>char</ColumnType>
                        <ColumnLength>30</ColumnLength>
                        <Format>
                            <column_display>hide</column_display>
                            <content_type>plain</content_type>
                            <ColumnStartPDF/>
                            <justify>left</justify>
                            <ColumnWidthPDF/>
                            <ColumnWidthHTML/>
                            <column_title>Sumas del Pedido:</column_title>
                            <tooltip/>
                            <group_header_label>0</group_header_label>
                            <group_header_label_xpos/>
                            <group_header_data_xpos/>
                            <group_trailer_label>0</group_trailer_label>
                        </Format>
                    </QueryColumn>
                    <QueryColumn>
                        <Name>total</Name>
                        <TableName>pedidoscli</TableName>
                        <ColumnName>total</ColumnName>
                        <ColumnType>char</ColumnType>
                        <ColumnLength>30</ColumnLength>
                        <Format>
                            <column_display>hide</column_display>
                            <content_type>plain</content_type>
                            <ColumnStartPDF/>
                            <justify>left</justify>
                            <ColumnWidthPDF/>
                            <ColumnWidthHTML/>
                            <column_title>Total:</column_title>
                            <tooltip/>
                            <group_header_label>0</group_header_label>
                            <group_header_label_xpos/>
                            <group_header_data_xpos/>
                            <group_trailer_label>0</group_trailer_label>
                        </Format>
                    </QueryColumn>
                    <QueryColumn>
                        <Name>totaliva</Name>
                        <TableName>pedidoscli</TableName>
                        <ColumnName>totaliva</ColumnName>
                        <ColumnType>char</ColumnType>
                        <ColumnLength>30</ColumnLength>
                        <Format>
                            <column_display>hide</column_display>
                            <content_type>plain</content_type>
                            <ColumnStartPDF/>
                            <justify>left</justify>
                            <ColumnWidthPDF/>
                            <ColumnWidthHTML/>
                            <column_title>Total Impuestos</column_title>
                            <tooltip/>
                            <group_header_label>0</group_header_label>
                            <group_header_label_xpos/>
                            <group_header_data_xpos/>
                            <group_trailer_label>0</group_trailer_label>
                        </Format>
                    </QueryColumn>
                    <QueryColumn>
                        <Name>provincia</Name>
                        <TableName>pedidoscli</TableName>
                        <ColumnName>provincia</ColumnName>
                        <ColumnType>char</ColumnType>
                        <ColumnLength>30</ColumnLength>
                        <Format>
                            <column_display>hide</column_display>
                            <content_type>plain</content_type>
                            <ColumnStartPDF/>
                            <justify>left</justify>
                            <ColumnWidthPDF/>
                            <ColumnWidthHTML/>
                            <column_title>Provincia:</column_title>
                            <tooltip/>
                            <group_header_label>0</group_header_label>
                            <group_header_label_xpos/>
                            <group_header_data_xpos/>
                            <group_trailer_label>0</group_trailer_label>
                        </Format>
                    </QueryColumn>
                    <QueryColumn>
                        <Name>codigo</Name>
                        <TableName>pedidoscli</TableName>
                        <ColumnName>codigo</ColumnName>
                        <ColumnType>char</ColumnType>
                        <ColumnLength>30</ColumnLength>
                        <Format>
                            <column_display>hide</column_display>
                            <content_type>plain</content_type>
                            <ColumnStartPDF/>
                            <justify>left</justify>
                            <ColumnWidthPDF/>
                            <ColumnWidthHTML/>
                            <column_title>Número de Pedido:</column_title>
                            <tooltip/>
                            <group_header_label>0</group_header_label>
                            <group_header_label_xpos/>
                            <group_header_data_xpos/>
                            <group_trailer_label>0</group_trailer_label>
                        </Format>
                    </QueryColumn>
                    <QueryColumn>
                        <Name>observaciones</Name>
                        <TableName>pedidoscli</TableName>
                        <ColumnName>observaciones</ColumnName>
                        <ColumnType>char</ColumnType>
                        <ColumnLength>30</ColumnLength>
                        <Format>
                            <column_display>hide</column_display>
                            <content_type>plain</content_type>
                            <ColumnStartPDF/>
                            <justify>left</justify>
                            <ColumnWidthPDF/>
                            <ColumnWidthHTML/>
                            <column_title>Observaciones:</column_title>
                            <tooltip/>
                            <group_header_label>0</group_header_label>
                            <group_header_label_xpos/>
                            <group_header_data_xpos/>
                            <group_trailer_label>0</group_trailer_label>
                        </Format>
                    </QueryColumn>
                    <QueryColumn>
                        <Name>nombrecliente</Name>
                        <TableName>pedidoscli</TableName>
                        <ColumnName>nombrecliente</ColumnName>
                        <ColumnType>char</ColumnType>
                        <ColumnLength>30</ColumnLength>
                        <Format>
                            <column_display>hide</column_display>
                            <content_type>plain</content_type>
                            <ColumnStartPDF/>
                            <justify>left</justify>
                            <ColumnWidthPDF/>
                            <ColumnWidthHTML/>
                            <column_title>Cliente:</column_title>
                            <tooltip/>
                            <group_header_label>0</group_header_label>
                            <group_header_label_xpos/>
                            <group_header_data_xpos/>
                            <group_trailer_label>0</group_trailer_label>
                        </Format>
                    </QueryColumn>
                    <QueryColumn>
                        <Name>codcliente</Name>
                        <TableName>clientes</TableName>
                        <ColumnName>codcliente</ColumnName>
                        <ColumnType>char</ColumnType>
                        <ColumnLength>30</ColumnLength>
                        <Format>
                            <column_display>hide</column_display>
                            <content_type>plain</content_type>
                            <ColumnStartPDF/>
                            <justify>left</justify>
                            <ColumnWidthPDF/>
                            <ColumnWidthHTML/>
                            <column_title>Código de cliente:</column_title>
                            <tooltip/>
                            <group_header_label>0</group_header_label>
                            <group_header_label_xpos/>
                            <group_header_data_xpos/>
                            <group_trailer_label>0</group_trailer_label>
                        </Format>
                    </QueryColumn>
                    <QueryColumn>
                        <Name>telefono1</Name>
                        <TableName>clientes</TableName>
                        <ColumnName>telefono1</ColumnName>
                        <ColumnType>char</ColumnType>
                        <ColumnLength>30</ColumnLength>
                        <Format>
                            <column_display>hide</column_display>
                            <content_type>plain</content_type>
                            <ColumnStartPDF/>
                            <justify>left</justify>
                            <ColumnWidthPDF/>
                            <ColumnWidthHTML/>
                            <column_title>Teléfono 1:</column_title>
                            <tooltip/>
                            <group_header_label>0</group_header_label>
                            <group_header_label_xpos/>
                            <group_header_data_xpos/>
                            <group_trailer_label>0</group_trailer_label>
                        </Format>
                    </QueryColumn>
                    <QueryColumn>
                        <Name>totaliva_pre</Name>
                        <TableName/>
                        <ColumnName>(lineaspedidoscli.pvptotal*lineaspedidoscli.iva/100)</ColumnName>
                        <ColumnType>char</ColumnType>
                        <ColumnLength>30</ColumnLength>
                        <Format>
                            <column_display>hide</column_display>
                            <content_type>plain</content_type>
                            <ColumnStartPDF/>
                            <justify>left</justify>
                            <ColumnWidthPDF/>
                            <ColumnWidthHTML/>
                            <column_title/>
                            <tooltip/>
                            <group_header_label>0</group_header_label>
                            <group_header_label_xpos/>
                            <group_header_data_xpos/>
                            <group_trailer_label>0</group_trailer_label>
                        </Format>
                    </QueryColumn>
                    <QueryColumn>
                        <Name>total_pre</Name>
                        <TableName/>
                        <ColumnName>(lineaspedidoscli.pvptotal+(lineaspedidoscli.pvptotal*lineaspedidoscli.iva/100))
                        </ColumnName>
                        <ColumnType>char</ColumnType>
                        <ColumnLength>30</ColumnLength>
                        <Format>
                            <column_display>hide</column_display>
                            <content_type>plain</content_type>
                            <ColumnStartPDF/>
                            <justify>right</justify>
                            <ColumnWidthPDF/>
                            <ColumnWidthHTML/>
                            <column_title/>
                            <tooltip/>
                            <group_header_label>0</group_header_label>
                            <group_header_label_xpos/>
                            <group_header_data_xpos/>
                            <group_trailer_label>0</group_trailer_label>
                        </Format>
                    </QueryColumn>
                    <QueryColumn>
                        <Name>neto_pre</Name>
                        <TableName>lineaspedidoscli</TableName>
                        <ColumnName>pvptotal</ColumnName>
                        <ColumnType>char</ColumnType>
                        <ColumnLength>30</ColumnLength>
                        <Format>
                            <column_display>hide</column_display>
                            <content_type>plain</content_type>
                            <ColumnStartPDF/>
                            <justify>right</justify>
                            <ColumnWidthPDF>10%</ColumnWidthPDF>
                            <ColumnWidthHTML/>
                            <column_title>Neto</column_title>
                            <tooltip/>
                            <group_header_label>0</group_header_label>
                            <group_header_label_xpos/>
                            <group_header_data_xpos/>
                            <group_trailer_label>0</group_trailer_label>
                        </Format>
                    </QueryColumn>
                    <QueryColumn>
                        <Name>telefono2</Name>
                        <TableName>clientes</TableName>
                        <ColumnName>telefono2</ColumnName>
                        <ColumnType>char</ColumnType>
                        <ColumnLength>30</ColumnLength>
                        <Format>
                            <column_display>hide</column_display>
                            <content_type>plain</content_type>
                            <ColumnStartPDF/>
                            <justify>left</justify>
                            <ColumnWidthPDF/>
                            <ColumnWidthHTML/>
                            <column_title>Teléfono 2:</column_title>
                            <tooltip/>
                            <group_header_label>0</group_header_label>
                            <group_header_label_xpos/>
                            <group_header_data_xpos/>
                            <group_trailer_label>0</group_trailer_label>
                        </Format>
                    </QueryColumn>
                    <QueryColumn>
                        <Name>SumGroupPtoPed</Name>
                        <TableName/>
                        <ColumnName/>
                        <ColumnType/>
                        <ColumnLength/>
                        <Format>
                            <column_display>hide</column_display>
                            <content_type>plain</content_type>
                            <ColumnStartPDF/>
                            <justify>left</justify>
                            <ColumnWidthPDF/>
                            <ColumnWidthHTML/>
                            <column_title>Sumas del Presupuesto:</column_title>
                            <tooltip/>
                            <group_header_label>0</group_header_label>
                            <group_header_label_xpos/>
                            <group_header_data_xpos/>
                            <group_trailer_label>0</group_trailer_label>
                        </Format>
                    </QueryColumn>
                    <QueryColumn>
                        <Name>codpago</Name>
                        <TableName>pedidoscli</TableName>
                        <ColumnName>codpago</ColumnName>
                        <ColumnType>char</ColumnType>
                        <ColumnLength>30</ColumnLength>
                        <Format>
                            <column_display>hide</column_display>
                            <content_type>plain</content_type>
                            <ColumnStartPDF/>
                            <justify>left</justify>
                            <ColumnWidthPDF/>
                            <ColumnWidthHTML/>
                            <column_title>Forma de pago:</column_title>
                            <tooltip/>
                            <group_header_label>0</group_header_label>
                            <group_header_label_xpos/>
                            <group_header_data_xpos/>
                            <group_trailer_label>0</group_trailer_label>
                        </Format>
                    </QueryColumn>
                    <QueryColumn>
                        <Name>ObservaGral</Name>
                        <TableName/>
                        <ColumnName/>
                        <ColumnType/>
                        <ColumnLength/>
                        <Format>
                            <column_display>hide</column_display>
                            <content_type>plain</content_type>
                            <ColumnStartPDF/>
                            <justify>left</justify>
                            <ColumnWidthPDF/>
                            <ColumnWidthHTML/>
                            <column_title>Observación General:</column_title>
                            <tooltip/>
                            <group_header_label>0</group_header_label>
                            <group_header_label_xpos/>
                            <group_header_data_xpos/>
                            <group_trailer_label>0</group_trailer_label>
                        </Format>
                    </QueryColumn>
                    <QueryColumn>
                        <Name>pvp</Name>
                        <TableName/>
                        <ColumnName>( CASE lineaspedidoscli.mostrar_precio WHEN true THEN lineaspedidoscli.pvptotal
                            END)
                        </ColumnName>
                        <ColumnType>char</ColumnType>
                        <ColumnLength>30</ColumnLength>
                        <Format>
                            <column_display>hide</column_display>
                            <content_type>plain</content_type>
                            <ColumnStartPDF/>
                            <justify>right</justify>
                            <ColumnWidthPDF>10%</ColumnWidthPDF>
                            <ColumnWidthHTML/>
                            <column_title>Importe</column_title>
                            <tooltip/>
                            <group_header_label>0</group_header_label>
                            <group_header_label_xpos/>
                            <group_header_data_xpos/>
                            <group_trailer_label>0</group_trailer_label>
                        </Format>
                    </QueryColumn>
                    <QueryColumn>
                        <Name>cant</Name>
                        <TableName/>
                        <ColumnName>( CASE lineaspedidoscli.mostrar_cantidad WHEN true THEN lineaspedidoscli.cantidad
                            END)
                        </ColumnName>
                        <ColumnType>char</ColumnType>
                        <ColumnLength>30</ColumnLength>
                        <Format>
                            <column_display>show</column_display>
                            <content_type>plain</content_type>
                            <ColumnStartPDF/>
                            <justify>right</justify>
                            <ColumnWidthPDF>7%</ColumnWidthPDF>
                            <ColumnWidthHTML/>
                            <column_title>Cant.</column_title>
                            <tooltip/>
                            <group_header_label>0</group_header_label>
                            <group_header_label_xpos/>
                            <group_header_data_xpos/>
                            <group_trailer_label>0</group_trailer_label>
                        </Format>
                    </QueryColumn>
                    <QueryColumn>
                        <Name>ivalinea</Name>
                        <TableName/>
                        <ColumnName>( CASE lineaspedidoscli.mostrar_precio WHEN true THEN lineaspedidoscli.iva END)
                        </ColumnName>
                        <ColumnType>char</ColumnType>
                        <ColumnLength>30</ColumnLength>
                        <Format>
                            <column_display>hide</column_display>
                            <content_type>plain</content_type>
                            <ColumnStartPDF/>
                            <justify>right</justify>
                            <ColumnWidthPDF>7%</ColumnWidthPDF>
                            <ColumnWidthHTML/>
                            <column_title>%IVA</column_title>
                            <tooltip/>
                            <group_header_label>0</group_header_label>
                            <group_header_label_xpos/>
                            <group_header_data_xpos/>
                            <group_trailer_label>0</group_trailer_label>
                        </Format>
                    </QueryColumn>
                    <QueryColumn>
                        <Name>impuestos</Name>
                        <TableName/>
                        <ColumnName>( CASE lineaspedidoscli.mostrar_precio WHEN true THEN
                            (lineaspedidoscli.pvptotal*lineaspedidoscli.iva/100) END)
                        </ColumnName>
                        <ColumnType>char</ColumnType>
                        <ColumnLength>30</ColumnLength>
                        <Format>
                            <column_display>hide</column_display>
                            <content_type>plain</content_type>
                            <ColumnStartPDF/>
                            <justify>left</justify>
                            <ColumnWidthPDF/>
                            <ColumnWidthHTML/>
                            <column_title>Impuestos</column_title>
                            <tooltip/>
                            <group_header_label>0</group_header_label>
                            <group_header_label_xpos/>
                            <group_header_data_xpos/>
                            <group_trailer_label>0</group_trailer_label>
                        </Format>
                    </QueryColumn>
                    <QueryColumn>
                        <Name>totallinea</Name>
                        <TableName/>
                        <ColumnName>( CASE lineaspedidoscli.mostrar_precio WHEN true THEN
                            (lineaspedidoscli.pvptotal+(lineaspedidoscli.pvptotal*lineaspedidoscli.iva/100)) END)
                        </ColumnName>
                        <ColumnType>char</ColumnType>
                        <ColumnLength>30</ColumnLength>
                        <Format>
                            <column_display>hide</column_display>
                            <content_type>plain</content_type>
                            <ColumnStartPDF/>
                            <justify>left</justify>
                            <ColumnWidthPDF/>
                            <ColumnWidthHTML/>
                            <column_title>PVP Total</column_title>
                            <tooltip/>
                            <group_header_label>0</group_header_label>
                            <group_header_label_xpos/>
                            <group_header_data_xpos/>
                            <group_trailer_label>0</group_trailer_label>
                        </Format>
                    </QueryColumn>
                    <QueryColumn>
                        <Name>ptocodigo</Name>
                        <TableName>presupuestoscli</TableName>
                        <ColumnName>codigo</ColumnName>
                        <ColumnType>char</ColumnType>
                        <ColumnLength>30</ColumnLength>
                        <Format>
                            <column_display>hide</column_display>
                            <content_type>plain</content_type>
                            <ColumnStartPDF>2</ColumnStartPDF>
                            <justify>left</justify>
                            <ColumnWidthPDF/>
                            <ColumnWidthHTML/>
                            <column_title/>
                            <tooltip/>
                            <group_header_label>0</group_header_label>
                            <group_header_label_xpos/>
                            <group_header_data_xpos/>
                            <group_trailer_label>0</group_trailer_label>
                        </Format>
                    </QueryColumn>
                    <QueryColumn>
                        <Name>ptoid</Name>
                        <TableName>presupuestoscli</TableName>
                        <ColumnName>idpresupuesto</ColumnName>
                        <ColumnType>char</ColumnType>
                        <ColumnLength>30</ColumnLength>
                        <Format>
                            <column_display>hide</column_display>
                            <content_type>plain</content_type>
                            <ColumnStartPDF/>
                            <justify>left</justify>
                            <ColumnWidthPDF/>
                            <ColumnWidthHTML/>
                            <column_title>ID Presupuesto:</column_title>
                            <tooltip/>
                            <group_header_label>0</group_header_label>
                            <group_header_label_xpos/>
                            <group_header_data_xpos/>
                            <group_trailer_label>0</group_trailer_label>
                        </Format>
                    </QueryColumn>
                    <QueryColumn>
                        <Name>ptonum2</Name>
                        <TableName>presupuestoscli</TableName>
                        <ColumnName>numero2</ColumnName>
                        <ColumnType>char</ColumnType>
                        <ColumnLength>60</ColumnLength>
                        <Format>
                            <column_display>hide</column_display>
                            <content_type>plain</content_type>
                            <ColumnStartPDF/>
                            <justify>left</justify>
                            <ColumnWidthPDF>60</ColumnWidthPDF>
                            <ColumnWidthHTML/>
                            <column_title></column_title>
                            <tooltip/>
                            <group_header_label>0</group_header_label>
                            <group_header_label_xpos/>
                            <group_header_data_xpos/>
                            <group_trailer_label>0</group_trailer_label>
                        </Format>
                    </QueryColumn>
                    <QueryColumn>
                        <Name>idpresupuesto</Name>
                        <TableName>lineaspedidoscli</TableName>
                        <ColumnName>idpresupuesto</ColumnName>
                        <ColumnType>char</ColumnType>
                        <ColumnLength>30</ColumnLength>
                        <Format>
                            <column_display>hide</column_display>
                            <content_type>plain</content_type>
                            <ColumnStartPDF/>
                            <justify>left</justify>
                            <ColumnWidthPDF/>
                            <ColumnWidthHTML/>
                            <column_title>ID de Presupuesto:</column_title>
                            <tooltip/>
                            <group_header_label>0</group_header_label>
                            <group_header_label_xpos/>
                            <group_header_data_xpos/>
                            <group_trailer_label>0</group_trailer_label>
                        </Format>
                    </QueryColumn>
                    <QueryColumn>
                        <Name>descripcion</Name>
                        <TableName>lineaspedidoscli</TableName>
                        <ColumnName>descripcion</ColumnName>
                        <ColumnType>char</ColumnType>
                        <ColumnLength>30</ColumnLength>
                        <Format>
                            <column_display>show</column_display>
                            <content_type>plain</content_type>
                            <ColumnStartPDF/>
                            <justify>left</justify>
                            <ColumnWidthPDF/>
                            <ColumnWidthHTML/>
                            <column_title>Descripción</column_title>
                            <tooltip/>
                            <group_header_label>0</group_header_label>
                            <group_header_label_xpos/>
                            <group_header_data_xpos/>
                            <group_trailer_label>0</group_trailer_label>
                        </Format>
                    </QueryColumn>
                    <QueryColumn>
                        <Name>orden</Name>
                        <TableName>lineaspedidoscli</TableName>
                        <ColumnName>orden</ColumnName>
                        <ColumnType>char</ColumnType>
                        <ColumnLength>30</ColumnLength>
                        <Format>
                            <column_display>hide</column_display>
                            <content_type>plain</content_type>
                            <ColumnStartPDF/>
                            <justify>left</justify>
                            <ColumnWidthPDF/>
                            <ColumnWidthHTML/>
                            <column_title>Orden</column_title>
                            <tooltip/>
                            <group_header_label>0</group_header_label>
                            <group_header_label_xpos/>
                            <group_header_data_xpos/>
                            <group_trailer_label>0</group_trailer_label>
                        </Format>
                    </QueryColumn>
                    <QueryColumn>
                        <Name>idemp</Name>
                        <TableName>empresa</TableName>
                        <ColumnName>id</ColumnName>
                        <ColumnType>char</ColumnType>
                        <ColumnLength>30</ColumnLength>
                        <Format>
                            <column_display>hide</column_display>
                            <content_type>plain</content_type>
                            <ColumnStartPDF/>
                            <justify>left</justify>
                            <ColumnWidthPDF/>
                            <ColumnWidthHTML/>
                            <column_title/>
                            <tooltip/>
                            <group_header_label>0</group_header_label>
                            <group_header_label_xpos/>
                            <group_header_data_xpos/>
                            <group_trailer_label>0</group_trailer_label>
                        </Format>
                    </QueryColumn>
                    <QueryColumn>
                        <Name>diremp</Name>
                        <TableName>empresa</TableName>
                        <ColumnName>direccion</ColumnName>
                        <ColumnType>char</ColumnType>
                        <ColumnLength>30</ColumnLength>
                        <Format>
                            <column_display>hide</column_display>
                            <content_type>plain</content_type>
                            <ColumnStartPDF/>
                            <justify>left</justify>
                            <ColumnWidthPDF/>
                            <ColumnWidthHTML/>
                            <column_title/>
                            <tooltip/>
                            <group_header_label>0</group_header_label>
                            <group_header_label_xpos/>
                            <group_header_data_xpos/>
                            <group_trailer_label>0</group_trailer_label>
                        </Format>
                    </QueryColumn>
                    <QueryColumn>
                        <Name>cpemp</Name>
                        <TableName>empresa</TableName>
                        <ColumnName>codpostal</ColumnName>
                        <ColumnType>char</ColumnType>
                        <ColumnLength>30</ColumnLength>
                        <Format>
                            <column_display>hide</column_display>
                            <content_type>plain</content_type>
                            <ColumnStartPDF/>
                            <justify>left</justify>
                            <ColumnWidthPDF/>
                            <ColumnWidthHTML/>
                            <column_title/>
                            <tooltip/>
                            <group_header_label>0</group_header_label>
                            <group_header_label_xpos/>
                            <group_header_data_xpos/>
                            <group_trailer_label>0</group_trailer_label>
                        </Format>
                    </QueryColumn>
                    <QueryColumn>
                        <Name>poblemp</Name>
                        <TableName>empresa</TableName>
                        <ColumnName>ciudad</ColumnName>
                        <ColumnType>char</ColumnType>
                        <ColumnLength>30</ColumnLength>
                        <Format>
                            <column_display>hide</column_display>
                            <content_type>plain</content_type>
                            <ColumnStartPDF/>
                            <justify>left</justify>
                            <ColumnWidthPDF/>
                            <ColumnWidthHTML/>
                            <column_title/>
                            <tooltip/>
                            <group_header_label>0</group_header_label>
                            <group_header_label_xpos/>
                            <group_header_data_xpos/>
                            <group_trailer_label>0</group_trailer_label>
                        </Format>
                    </QueryColumn>
                    <QueryColumn>
                        <Name>telemp</Name>
                        <TableName>empresa</TableName>
                        <ColumnName>telefono</ColumnName>
                        <ColumnType>char</ColumnType>
                        <ColumnLength>30</ColumnLength>
                        <Format>
                            <column_display>hide</column_display>
                            <content_type>plain</content_type>
                            <ColumnStartPDF/>
                            <justify>left</justify>
                            <ColumnWidthPDF/>
                            <ColumnWidthHTML/>
                            <column_title/>
                            <tooltip/>
                            <group_header_label>0</group_header_label>
                            <group_header_label_xpos/>
                            <group_header_data_xpos/>
                            <group_trailer_label>0</group_trailer_label>
                        </Format>
                    </QueryColumn>
                    <QueryColumn>
                        <Name>webemp</Name>
                        <TableName>empresa</TableName>
                        <ColumnName>web</ColumnName>
                        <ColumnType>char</ColumnType>
                        <ColumnLength>30</ColumnLength>
                        <Format>
                            <column_display>hide</column_display>
                            <content_type>plain</content_type>
                            <ColumnStartPDF/>
                            <justify>left</justify>
                            <ColumnWidthPDF/>
                            <ColumnWidthHTML/>
                            <column_title/>
                            <tooltip/>
                            <group_header_label>0</group_header_label>
                            <group_header_label_xpos/>
                            <group_header_data_xpos/>
                            <group_trailer_label>0</group_trailer_label>
                        </Format>
                    </QueryColumn>
                    <QueryColumn>
                        <Name>Inilinea</Name>
                        <TableName/>
                        <ColumnName/>
                        <ColumnType/>
                        <ColumnLength/>
                        <Format>
                            <column_display>show</column_display>
                            <content_type>plain</content_type>
                            <ColumnStartPDF/>
                            <justify>center</justify>
                            <ColumnWidthPDF>2%</ColumnWidthPDF>
                            <ColumnWidthHTML/>
                            <column_title></column_title>
                            <tooltip/>
                            <group_header_label>0</group_header_label>
                            <group_header_label_xpos/>
                            <group_header_data_xpos/>
                            <group_trailer_label>0</group_trailer_label>
                        </Format>
                    </QueryColumn>
                    <QueryColumn>
                        <Name>agnom</Name>
                        <TableName>agentes</TableName>
                        <ColumnName>nombre</ColumnName>
                        <ColumnType>char</ColumnType>
                        <ColumnLength>30</ColumnLength>
                        <Format>
                            <column_display>hide</column_display>
                            <content_type>plain</content_type>
                            <ColumnStartPDF/>
                            <justify>left</justify>
                            <ColumnWidthPDF/>
                            <ColumnWidthHTML/>
                            <column_title/>
                            <tooltip/>
                            <group_header_label>0</group_header_label>
                            <group_header_label_xpos/>
                            <group_header_data_xpos/>
                            <group_trailer_label>0</group_trailer_label>
                        </Format>
                    </QueryColumn>
                    <QueryColumn>
                        <Name>agmail</Name>
                        <TableName>agentes</TableName>
                        <ColumnName>email</ColumnName>
                        <ColumnType>char</ColumnType>
                        <ColumnLength>30</ColumnLength>
                        <Format>
                            <column_display>hide</column_display>
                            <content_type>plain</content_type>
                            <ColumnStartPDF/>
                            <justify>left</justify>
                            <ColumnWidthPDF/>
                            <ColumnWidthHTML/>
                            <column_title/>
                            <tooltip/>
                            <group_header_label>0</group_header_label>
                            <group_header_label_xpos/>
                            <group_header_data_xpos/>
                            <group_trailer_label>0</group_trailer_label>
                        </Format>
                    </QueryColumn>
                    <QueryColumn>
                        <Name>codagente</Name>
                        <TableName>agentes</TableName>
                        <ColumnName>codagente</ColumnName>
                        <ColumnType>char</ColumnType>
                        <ColumnLength>30</ColumnLength>
                        <Format>
                            <column_display>hide</column_display>
                            <content_type>plain</content_type>
                            <ColumnStartPDF/>
                            <justify>left</justify>
                            <ColumnWidthPDF/>
                            <ColumnWidthHTML/>
                            <column_title/>
                            <tooltip/>
                            <group_header_label>0</group_header_label>
                            <group_header_label_xpos/>
                            <group_header_data_xpos/>
                            <group_trailer_label>0</group_trailer_label>
                        </Format>
                    </QueryColumn>
                </QueryColumns>
                <OrderColumns/>
                <PreSQLS/>
            </Query>
            <Assignments>
                <Assignment>
                    <AssignName>cant</AssignName>
                    <AssignNameNew/>
                    <Expression>number_format(({cant}),2,',','.')</Expression>
                    <Condition>{cant}!=false</Condition>
                </Assignment>
                <Assignment>
                    <AssignName>Inilinea</AssignName>
                    <AssignNameNew/>
                    <Expression>&quot;•&quot;</Expression>
                    <Condition/>
                </Assignment>
                <Assignment>
                    <AssignName>descripcion</AssignName>
                    <AssignNameNew/>
                    <Expression>apply_style('ALLCELLS', 'padding', '0 0 5 0');</Expression>
                    <Condition/>
                </Assignment>
                <Assignment>
                    <AssignName>numero2</AssignName>
                    <AssignNameNew/>
                    <Expression>{numero2}.' '</Expression>
                    <Condition/>
                </Assignment>
                <Assignment>
                    <AssignName>ptonum2</AssignName>
                    <AssignNameNew/>
                    <Expression>{ptonum2}.' '</Expression>
                    <Condition/>
                </Assignment>
                <Assignment>
                    <AssignName>agnom</AssignName>
                    <AssignNameNew/>
                    <Expression>&quot;Le atendió: &quot;.{agnom}.&quot; (&quot;.{agmail}.&quot;) &quot;.{telemp}.&quot;
                        &quot;.{diremp}.&quot; &quot;.{cpemp}.&quot; - &quot;.{poblemp}
                    </Expression>
                    <Condition/>
                </Assignment>
            </Assignments>
            <Criteria>
                <CriteriaItem>
                    <Name>idpedido</Name>
                    <Title>ID de Pedido</Title>
                    <QueryTableName/>
                    <QueryColumnName>pedidoscli.idpedido</QueryColumnName>
                    <CriteriaType>LOOKUP</CriteriaType>
                    <CriteriaDisplay>NOINPUT</CriteriaDisplay>
                    <ExpandDisplay>NOINPUT</ExpandDisplay>
                    <ReturnColumn>idpedido</ReturnColumn>
                    <DisplayColumn>codigo</DisplayColumn>
                    <OverviewColumn>idpedido</OverviewColumn>
                    <MatchColumn>codigo</MatchColumn>
                    <CriteriaDefaults/>
                    <CriteriaList/>
                    <Query>
                        <TableSql/>
                        <WhereSql/>
                        <GroupSql/>
                        <RowSelection/>
                        <SQLRaw>SELECT pedidoscli.idpedido,pedidoscli.codigo
                            FROM pedidoscli
                            [WHERE pedidoscli.idpedido={idpedido,VALUE}]
                            ORDER BY pedidoscli.idpedido ASC
                        </SQLRaw>
                        <SQL>
                            <QuerySql/>
                        </SQL>
                        <QueryColumns>
                            <QueryColumn>
                                <Name>idpedido</Name>
                                <TableName>pedidoscli</TableName>
                                <ColumnName>idpedido</ColumnName>
                                <ColumnType>char</ColumnType>
                                <ColumnLength>30</ColumnLength>
                                <Format>
                                    <column_display>show</column_display>
                                    <content_type>plain</content_type>
                                    <justify>left</justify>
                                </Format>
                            </QueryColumn>
                            <QueryColumn>
                                <Name>codigo</Name>
                                <TableName>pedidoscli</TableName>
                                <ColumnName>codigo</ColumnName>
                                <ColumnType>char</ColumnType>
                                <ColumnLength>30</ColumnLength>
                                <Format>
                                    <column_display>show</column_display>
                                    <content_type>plain</content_type>
                                    <justify>left</justify>
                                </Format>
                            </QueryColumn>
                        </QueryColumns>
                        <OrderColumns/>
                        <Assignments/>
                    </Query>
                    <CriteriaLinks/>
                </CriteriaItem>
            </Criteria>
            <Output>
                <PageHeaders>
                    <PageHeader>
                        <LineNumber>1</LineNumber>
                        <HeaderText>Inicio del Pedido Núm: {codigo}{STYLE border-width: 1 0 1 0; margin: 15px 0px 0px 0px; border-color: #d1d4d7; font-size: 16; border-style: solid;padding:5px 0px 5px 0px; height:1cm; background-color: #d1d4d7; color: #fffff; text-align: center}</HeaderText>
                        <Format>
                            <ColumnStartPDF/>
                            <justify>center</justify>
                            <ColumnWidthPDF/>
                            <ShowInPDF>yes</ShowInPDF>
                            <ShowInHTML>false</ShowInHTML>
                        </Format>
                    </PageHeader>
                    <PageHeader>
                        <LineNumber>1</LineNumber>
                        <HeaderText>{poblemp}, date('d-m-Y H:i:s') Página: {PAGE}{STYLE font-size:10pt;}</HeaderText>
                        <Format>
                            <ColumnStartPDF/>
                            <justify>right</justify>
                            <ColumnWidthPDF/>
                            <ShowInPDF>yes</ShowInPDF>
                            <ShowInHTML>no</ShowInHTML>
                        </Format>
                    </PageHeader>
                    <PageHeader>
                        <LineNumber>3</LineNumber>
                        <HeaderText>{numero2}{STYLE border-width: 1 0 1 0; margin: 15px 0px 0px 0px; border-color: #d1d4d7; font-size: 10; border-style: solid;padding:5px 0px 5px 0px; height:1cm; background-color: #d1d4d7; color: #fffff; text-align: center}</HeaderText>
                        <Format>
                            <ColumnStartPDF/>
                            <justify>center</justify>
                            <ColumnWidthPDF/>
                            <ShowInPDF>yes</ShowInPDF>
                            <ShowInHTML>no</ShowInHTML>
                        </Format>
                    </PageHeader>
                </PageHeaders>
                <PageFooters>
                    <PageFooter>
                        <LineNumber>1</LineNumber>
                        <FooterText>{agnom}{STYLE border-width: 1 0 0 0; margin: 40 0 0 0; font-style: italic; font-size: 9}</FooterText>
                        <Format>
                            <ColumnStartPDF/>
                            <justify>center</justify>
                            <ColumnWidthPDF/>
                            <ShowInPDF>yes</ShowInPDF>
                            <ShowInHTML>no</ShowInHTML>
                        </Format>
                    </PageFooter>
                </PageFooters>
                <DisplayOrders>
                    <DisplayOrder>
                        <ColumnName>ivalinea</ColumnName>
                        <OrderNumber>1</OrderNumber>
                    </DisplayOrder>
                    <DisplayOrder>
                        <ColumnName>neto_pre</ColumnName>
                        <OrderNumber>2</OrderNumber>
                    </DisplayOrder>
                    <DisplayOrder>
                        <ColumnName>pvp</ColumnName>
                        <OrderNumber>3</OrderNumber>
                    </DisplayOrder>
                    <DisplayOrder>
                        <ColumnName>cant</ColumnName>
                        <OrderNumber>4</OrderNumber>
                    </DisplayOrder>
                    <DisplayOrder>
                        <ColumnName>Inilinea</ColumnName>
                        <OrderNumber>5</OrderNumber>
                    </DisplayOrder>
                    <DisplayOrder>
                        <ColumnName>descripcion</ColumnName>
                        <OrderNumber>6</OrderNumber>
                    </DisplayOrder>
                    <DisplayOrder>
                        <ColumnName>idpedido</ColumnName>
                        <OrderNumber>7</OrderNumber>
                    </DisplayOrder>
                    <DisplayOrder>
                        <ColumnName>direccion</ColumnName>
                        <OrderNumber>8</OrderNumber>
                    </DisplayOrder>
                    <DisplayOrder>
                        <ColumnName>ciudad</ColumnName>
                        <OrderNumber>9</OrderNumber>
                    </DisplayOrder>
                    <DisplayOrder>
                        <ColumnName>numero2</ColumnName>
                        <OrderNumber>10</OrderNumber>
                    </DisplayOrder>
                    <DisplayOrder>
                        <ColumnName>cifnif</ColumnName>
                        <OrderNumber>11</OrderNumber>
                    </DisplayOrder>
                    <DisplayOrder>
                        <ColumnName>neto</ColumnName>
                        <OrderNumber>12</OrderNumber>
                    </DisplayOrder>
                    <DisplayOrder>
                        <ColumnName>total</ColumnName>
                        <OrderNumber>13</OrderNumber>
                    </DisplayOrder>
                    <DisplayOrder>
                        <ColumnName>totaliva</ColumnName>
                        <OrderNumber>14</OrderNumber>
                    </DisplayOrder>
                    <DisplayOrder>
                        <ColumnName>provincia</ColumnName>
                        <OrderNumber>15</OrderNumber>
                    </DisplayOrder>
                    <DisplayOrder>
                        <ColumnName>observaciones</ColumnName>
                        <OrderNumber>16</OrderNumber>
                    </DisplayOrder>
                    <DisplayOrder>
                        <ColumnName>codigo</ColumnName>
                        <OrderNumber>17</OrderNumber>
                    </DisplayOrder>
                    <DisplayOrder>
                        <ColumnName>ptonum2</ColumnName>
                        <OrderNumber>18</OrderNumber>
                    </DisplayOrder>
                    <DisplayOrder>
                        <ColumnName>ptocodigo</ColumnName>
                        <OrderNumber>19</OrderNumber>
                    </DisplayOrder>
                    <DisplayOrder>
                        <ColumnName>ptoid</ColumnName>
                        <OrderNumber>20</OrderNumber>
                    </DisplayOrder>
                    <DisplayOrder>
                        <ColumnName>nombrecliente</ColumnName>
                        <OrderNumber>21</OrderNumber>
                    </DisplayOrder>
                    <DisplayOrder>
                        <ColumnName>codcliente</ColumnName>
                        <OrderNumber>22</OrderNumber>
                    </DisplayOrder>
                    <DisplayOrder>
                        <ColumnName>telefono1</ColumnName>
                        <OrderNumber>23</OrderNumber>
                    </DisplayOrder>
                    <DisplayOrder>
                        <ColumnName>SumGroupPtoPed</ColumnName>
                        <OrderNumber>24</OrderNumber>
                    </DisplayOrder>
                    <DisplayOrder>
                        <ColumnName>telefono2</ColumnName>
                        <OrderNumber>25</OrderNumber>
                    </DisplayOrder>
                    <DisplayOrder>
                        <ColumnName>codpago</ColumnName>
                        <OrderNumber>26</OrderNumber>
                    </DisplayOrder>
                    <DisplayOrder>
                        <ColumnName>ObservaGral</ColumnName>
                        <OrderNumber>27</OrderNumber>
                    </DisplayOrder>
                    <DisplayOrder>
                        <ColumnName>idpresupuesto</ColumnName>
                        <OrderNumber>28</OrderNumber>
                    </DisplayOrder>
                    <DisplayOrder>
                        <ColumnName>orden</ColumnName>
                        <OrderNumber>29</OrderNumber>
                    </DisplayOrder>
                    <DisplayOrder>
                        <ColumnName>impuestos</ColumnName>
                        <OrderNumber>30</OrderNumber>
                    </DisplayOrder>
                    <DisplayOrder>
                        <ColumnName>totallinea</ColumnName>
                        <OrderNumber>31</OrderNumber>
                    </DisplayOrder>
                    <DisplayOrder>
                        <ColumnName>total_pre</ColumnName>
                        <OrderNumber>32</OrderNumber>
                    </DisplayOrder>
                    <DisplayOrder>
                        <ColumnName>totaliva_pre</ColumnName>
                        <OrderNumber>33</OrderNumber>
                    </DisplayOrder>
                    <DisplayOrder>
                        <ColumnName>idemp</ColumnName>
                        <OrderNumber>34</OrderNumber>
                    </DisplayOrder>
                    <DisplayOrder>
                        <ColumnName>diremp</ColumnName>
                        <OrderNumber>35</OrderNumber>
                    </DisplayOrder>
                    <DisplayOrder>
                        <ColumnName>cpemp</ColumnName>
                        <OrderNumber>36</OrderNumber>
                    </DisplayOrder>
                    <DisplayOrder>
                        <ColumnName>poblemp</ColumnName>
                        <OrderNumber>37</OrderNumber>
                    </DisplayOrder>
                    <DisplayOrder>
                        <ColumnName>telemp</ColumnName>
                        <OrderNumber>38</OrderNumber>
                    </DisplayOrder>
                    <DisplayOrder>
                        <ColumnName>webemp</ColumnName>
                        <OrderNumber>39</OrderNumber>
                    </DisplayOrder>
                    <DisplayOrder>
                        <ColumnName>codagente</ColumnName>
                        <OrderNumber>40</OrderNumber>
                    </DisplayOrder>
                    <DisplayOrder>
                        <ColumnName>agnom</ColumnName>
                        <OrderNumber>41</OrderNumber>
                    </DisplayOrder>
                    <DisplayOrder>
                        <ColumnName>agmail</ColumnName>
                        <OrderNumber>42</OrderNumber>
                    </DisplayOrder>
                </DisplayOrders>
                <Groups>
                    <Group>
                        <GroupName>codcliente</GroupName>
                        <BeforeGroupHeader>blankline</BeforeGroupHeader>
                        <AfterGroupHeader>solidline</AfterGroupHeader>
                        <BeforeGroupTrailer>newpage</BeforeGroupTrailer>
                        <AfterGroupTrailer>blankline</AfterGroupTrailer>
                        <GroupHeaders>
                            <GroupHeader>
                                <GroupHeaderColumn>nombrecliente</GroupHeaderColumn>
                                <GroupHeaderCustom/>
                            </GroupHeader>
                            <GroupHeader>
                                <GroupHeaderColumn>direccion</GroupHeaderColumn>
                                <GroupHeaderCustom/>
                            </GroupHeader>
                            <GroupHeader>
                                <GroupHeaderColumn>ciudad</GroupHeaderColumn>
                                <GroupHeaderCustom/>
                            </GroupHeader>
                            <GroupHeader>
                                <GroupHeaderColumn>telefono1</GroupHeaderColumn>
                                <GroupHeaderCustom/>
                            </GroupHeader>
                            <GroupHeader>
                                <GroupHeaderColumn>telefono2</GroupHeaderColumn>
                                <GroupHeaderCustom/>
                            </GroupHeader>
                        </GroupHeaders>
                        <GroupTrailers/>
                    </Group>
                    <Group>
                        <GroupName>ptoid</GroupName>
                        <BeforeGroupHeader>solidline</BeforeGroupHeader>
                        <AfterGroupHeader>blankline</AfterGroupHeader>
                        <BeforeGroupTrailer>blankline</BeforeGroupTrailer>
                        <AfterGroupTrailer>solidline</AfterGroupTrailer>
                        <GroupHeaders>
                            <GroupHeader>
                                <GroupHeaderColumn>ptocodigo</GroupHeaderColumn>
                                <GroupHeaderCustom><br>
                                    Número de Presupuesto: {ptocodigo}<br>{ptonum2}
                                </GroupHeaderCustom>
                            </GroupHeader>
                        </GroupHeaders>
                        <GroupTrailers/>
                    </Group>
                </Groups>
                <Graphs/>
            </Output>
        </EntryForm>
    </ReportQuery>
</Report>