<?xml version="1.0"?>
<Report>
    <ReportQuery>
        <Format>
            <ReportTitle>COMPRAS - Diseño de impresión para Pedidos</ReportTitle>
            <ReportDescription>Diseño de impresión para Pedidos de Compra Sin Valorar.
                &lt;br/&gt;
                &lt;b&gt;Diseñado por:&lt;/b&gt; Jorge L. Almendros
                &lt;br/&gt;
                &lt;b&gt;Adaptado a FacturaScripts por:&lt;/b&gt; Francesc Pineda Segarra
            </ReportDescription>
            <PageSize>.DEFAULT</PageSize>
            <PageOrientation>.DEFAULT</PageOrientation>
            <TopMargin></TopMargin>
            <BottomMargin></BottomMargin>
            <RightMargin></RightMargin>
            <LeftMargin></LeftMargin>
            <pdfFont>dejavusans</pdfFont>
            <pdfFontSize>10</pdfFontSize>
            <PreExecuteCode>NONE</PreExecuteCode>
            <formBetweenRows>blankline</formBetweenRows>
            <gridDisplay>.DEFAULT</gridDisplay>
            <gridSortable>.DEFAULT</gridSortable>
            <gridSearchable>.DEFAULT</gridSearchable>
            <gridPageable>.DEFAULT</gridPageable>
            <gridPageSize>.DEFAULT</gridPageSize>
        </Format>
        <Datasource>
            <SourceType>database</SourceType>
            <SourceConnection>
                <DatabaseType>mysql</DatabaseType>
                <DatabaseName></DatabaseName>
                <HostName></HostName>
                <ServiceName></ServiceName>
                <UserName></UserName>
                <Password></Password>
            </SourceConnection>
        </Datasource>
        <EntryForm>
            <Query>
                <TableSql></TableSql>
                <WhereSql></WhereSql>
                <GroupSql></GroupSql>
                <RowSelection>all</RowSelection>
                <SQL>
                    <QuerySql></QuerySql>
                    <SQLRaw>SELECT
                        pedidosprov.codigo,
                        pedidosprov.total,
                        pedidosprov.idpedido,
                        pedidosprov.observaciones,
                        pedidosprov.numproveedor,
                        pedidosprov.cifnif,
                        pedidosprov.codproveedor,
                        pedidosprov.nombre,
                        pedidosprov.neto,
                        pedidosprov.totaliva,
                        pedidosprov.codagente,
                        pedidosprov.codalmacen,

                        lineaspedidosprov.pvptotal,
                        lineaspedidosprov.cantidad cant,
                        lineaspedidosprov.descripcion,
                        lineaspedidosprov.idpedido,
                        lineaspedidosprov.pvptotal pvp,
                        lineaspedidosprov.iva ivalinea,

                        (lineaspedidosprov.pvptotal*lineaspedidosprov.iva/100) impuestos,
                        (lineaspedidosprov.pvptotal+(lineaspedidosprov.pvptotal*lineaspedidosprov.iva/100)) totallinea,

                        proveedores.codproveedor,
                        proveedores.telefono1,
                        proveedores.telefono2,
                        dirproveedores.direccion,
                        dirproveedores.ciudad,
                        dirproveedores.provincia,

                        empresa.id,
                        empresa.nombre nomemp,
                        empresa.direccion diremp,
                        empresa.codpostal cpemp,
                        empresa.ciudad poblemp,
                        empresa.telefono telemp,
                        empresa.web webemp,

                        agentes.codagente,
                        agentes.nombre agnom,
                        fs_users.email agmail,
                        almacenes.codalmacen codalm,
                        almacenes.nombre nomalm,
                        almacenes.direccion diralm,
                        almacenes.poblacion poblalm

                        FROM pedidosprov
                        LEFT JOIN lineaspedidosprov ON pedidosprov.idpedido = lineaspedidosprov.idpedido
                        LEFT JOIN proveedores ON pedidosprov.codproveedor = proveedores.codproveedor
                        LEFT JOIN dirproveedores ON proveedores.codproveedor = dirproveedores.codproveedor AND dirproveedores.direccionppal = true
                        LEFT JOIN empresa ON empresa.id = 1
                        LEFT JOIN agentes ON pedidosprov.codagente = agentes.codagente
                        LEFT JOIN fs_users ON agentes.codagente = fs_users.codagente
                        LEFT JOIN almacenes ON pedidosprov.codalmacen = almacenes.codalmacen

                        WHERE 1 = 1

                        ORDER BY
                        pedidosprov.idpedido ASC
                    </SQLRaw>
                </SQL>
                <QueryColumns>
                    <QueryColumn>
                        <Name>idpedido</Name>
                        <TableName>lineaspedidosprov</TableName>
                        <ColumnName>idpedido</ColumnName>
                        <ColumnType>char</ColumnType>
                        <ColumnLength>30</ColumnLength>
                        <Format>
                            <column_display>hide</column_display>
                            <content_type>plain</content_type>
                            <ColumnStartPDF></ColumnStartPDF>
                            <justify>left</justify>
                            <ColumnWidthPDF></ColumnWidthPDF>
                            <ColumnWidthHTML></ColumnWidthHTML>
                            <column_title>ID de Presupuesto:</column_title>
                            <tooltip></tooltip>
                            <group_header_label>0</group_header_label>
                            <group_header_label_xpos></group_header_label_xpos>
                            <group_header_data_xpos></group_header_data_xpos>
                            <group_trailer_label>0</group_trailer_label>
                        </Format>
                    </QueryColumn>
                    <QueryColumn>
                        <Name>codproveedor</Name>
                        <TableName>proveedores</TableName>
                        <ColumnName>codproveedor</ColumnName>
                        <ColumnType>char</ColumnType>
                        <ColumnLength>30</ColumnLength>
                        <Format>
                            <column_display>hide</column_display>
                            <content_type>plain</content_type>
                            <ColumnStartPDF></ColumnStartPDF>
                            <justify>left</justify>
                            <ColumnWidthPDF></ColumnWidthPDF>
                            <ColumnWidthHTML></ColumnWidthHTML>
                            <column_title>Código de cliente</column_title>
                            <tooltip></tooltip>
                            <group_header_label>0</group_header_label>
                            <group_header_label_xpos></group_header_label_xpos>
                            <group_header_data_xpos></group_header_data_xpos>
                            <group_trailer_label>0</group_trailer_label>
                        </Format>
                    </QueryColumn>
                    <QueryColumn>
                        <Name>nombre</Name>
                        <TableName>pedidosprov</TableName>
                        <ColumnName>nombre</ColumnName>
                        <ColumnType>char</ColumnType>
                        <ColumnLength>30</ColumnLength>
                        <Format>
                            <column_display>hide</column_display>
                            <content_type>plain</content_type>
                            <ColumnStartPDF></ColumnStartPDF>
                            <justify>left</justify>
                            <ColumnWidthPDF></ColumnWidthPDF>
                            <ColumnWidthHTML></ColumnWidthHTML>
                            <column_title></column_title>
                            <tooltip></tooltip>
                            <group_header_label>0</group_header_label>
                            <group_header_label_xpos></group_header_label_xpos>
                            <group_header_data_xpos></group_header_data_xpos>
                            <group_trailer_label>0</group_trailer_label>
                        </Format>
                    </QueryColumn>
                    <QueryColumn>
                        <Name>direccion</Name>
                        <TableName>dirproveedores</TableName>
                        <ColumnName>direccion</ColumnName>
                        <ColumnType>char</ColumnType>
                        <ColumnLength>30</ColumnLength>
                        <Format>
                            <column_display>hide</column_display>
                            <content_type>plain</content_type>
                            <ColumnStartPDF></ColumnStartPDF>
                            <justify>left</justify>
                            <ColumnWidthPDF></ColumnWidthPDF>
                            <ColumnWidthHTML></ColumnWidthHTML>
                            <column_title></column_title>
                            <tooltip></tooltip>
                            <group_header_label>0</group_header_label>
                            <group_header_label_xpos></group_header_label_xpos>
                            <group_header_data_xpos></group_header_data_xpos>
                            <group_trailer_label>0</group_trailer_label>
                        </Format>
                    </QueryColumn>
                    <QueryColumn>
                        <Name>ciudad</Name>
                        <TableName>dirproveedores</TableName>
                        <ColumnName>ciudad</ColumnName>
                        <ColumnType>char</ColumnType>
                        <ColumnLength>30</ColumnLength>
                        <Format>
                            <column_display>hide</column_display>
                            <content_type>plain</content_type>
                            <ColumnStartPDF></ColumnStartPDF>
                            <justify>left</justify>
                            <ColumnWidthPDF></ColumnWidthPDF>
                            <ColumnWidthHTML></ColumnWidthHTML>
                            <column_title></column_title>
                            <tooltip></tooltip>
                            <group_header_label>0</group_header_label>
                            <group_header_label_xpos></group_header_label_xpos>
                            <group_header_data_xpos></group_header_data_xpos>
                            <group_trailer_label>0</group_trailer_label>
                        </Format>
                    </QueryColumn>
                    <QueryColumn>
                        <Name>numproveedor</Name>
                        <TableName>pedidosprov</TableName>
                        <ColumnName>numproveedor</ColumnName>
                        <ColumnType>char</ColumnType>
                        <ColumnLength>30</ColumnLength>
                        <Format>
                            <column_display>hide</column_display>
                            <content_type>plain</content_type>
                            <ColumnStartPDF></ColumnStartPDF>
                            <justify>left</justify>
                            <ColumnWidthPDF></ColumnWidthPDF>
                            <ColumnWidthHTML></ColumnWidthHTML>
                            <column_title>Número 2:</column_title>
                            <tooltip></tooltip>
                            <group_header_label>0</group_header_label>
                            <group_header_label_xpos></group_header_label_xpos>
                            <group_header_data_xpos></group_header_data_xpos>
                            <group_trailer_label>0</group_trailer_label>
                        </Format>
                    </QueryColumn>
                    <QueryColumn>
                        <Name>cifnif</Name>
                        <TableName>pedidosprov</TableName>
                        <ColumnName>cifnif</ColumnName>
                        <ColumnType>char</ColumnType>
                        <ColumnLength>30</ColumnLength>
                        <Format>
                            <column_display>hide</column_display>
                            <content_type>plain</content_type>
                            <ColumnStartPDF></ColumnStartPDF>
                            <justify>left</justify>
                            <ColumnWidthPDF></ColumnWidthPDF>
                            <ColumnWidthHTML></ColumnWidthHTML>
                            <column_title>Cif / Nif</column_title>
                            <tooltip></tooltip>
                            <group_header_label>0</group_header_label>
                            <group_header_label_xpos></group_header_label_xpos>
                            <group_header_data_xpos></group_header_data_xpos>
                            <group_trailer_label>0</group_trailer_label>
                        </Format>
                    </QueryColumn>
                    <QueryColumn>
                        <Name>neto</Name>
                        <TableName>pedidosprov</TableName>
                        <ColumnName>neto</ColumnName>
                        <ColumnType>char</ColumnType>
                        <ColumnLength>30</ColumnLength>
                        <Format>
                            <column_display>hide</column_display>
                            <content_type>plain</content_type>
                            <ColumnStartPDF></ColumnStartPDF>
                            <justify>left</justify>
                            <ColumnWidthPDF></ColumnWidthPDF>
                            <ColumnWidthHTML></ColumnWidthHTML>
                            <column_title>Sumas del Presupuesto:</column_title>
                            <tooltip></tooltip>
                            <group_header_label>0</group_header_label>
                            <group_header_label_xpos></group_header_label_xpos>
                            <group_header_data_xpos></group_header_data_xpos>
                            <group_trailer_label>0</group_trailer_label>
                        </Format>
                    </QueryColumn>
                    <QueryColumn>
                        <Name>total</Name>
                        <TableName>pedidosprov</TableName>
                        <ColumnName>total</ColumnName>
                        <ColumnType>char</ColumnType>
                        <ColumnLength>30</ColumnLength>
                        <Format>
                            <column_display>hide</column_display>
                            <content_type>plain</content_type>
                            <ColumnStartPDF></ColumnStartPDF>
                            <justify>left</justify>
                            <ColumnWidthPDF></ColumnWidthPDF>
                            <ColumnWidthHTML></ColumnWidthHTML>
                            <column_title>Total:</column_title>
                            <tooltip></tooltip>
                            <group_header_label>0</group_header_label>
                            <group_header_label_xpos></group_header_label_xpos>
                            <group_header_data_xpos></group_header_data_xpos>
                            <group_trailer_label>0</group_trailer_label>
                        </Format>
                    </QueryColumn>
                    <QueryColumn>
                        <Name>totaliva</Name>
                        <TableName>pedidosprov</TableName>
                        <ColumnName>totaliva</ColumnName>
                        <ColumnType>char</ColumnType>
                        <ColumnLength>30</ColumnLength>
                        <Format>
                            <column_display>hide</column_display>
                            <content_type>plain</content_type>
                            <ColumnStartPDF></ColumnStartPDF>
                            <justify>left</justify>
                            <ColumnWidthPDF></ColumnWidthPDF>
                            <ColumnWidthHTML></ColumnWidthHTML>
                            <column_title>Total Impuestos</column_title>
                            <tooltip></tooltip>
                            <group_header_label>0</group_header_label>
                            <group_header_label_xpos></group_header_label_xpos>
                            <group_header_data_xpos></group_header_data_xpos>
                            <group_trailer_label>0</group_trailer_label>
                        </Format>
                    </QueryColumn>
                    <QueryColumn>
                        <Name>provincia</Name>
                        <TableName>dirproveedores</TableName>
                        <ColumnName>provincia</ColumnName>
                        <ColumnType>char</ColumnType>
                        <ColumnLength>30</ColumnLength>
                        <Format>
                            <column_display>hide</column_display>
                            <content_type>plain</content_type>
                            <ColumnStartPDF></ColumnStartPDF>
                            <justify>left</justify>
                            <ColumnWidthPDF></ColumnWidthPDF>
                            <ColumnWidthHTML></ColumnWidthHTML>
                            <column_title>Provincia:</column_title>
                            <tooltip></tooltip>
                            <group_header_label>0</group_header_label>
                            <group_header_label_xpos></group_header_label_xpos>
                            <group_header_data_xpos></group_header_data_xpos>
                            <group_trailer_label>0</group_trailer_label>
                        </Format>
                    </QueryColumn>
                    <QueryColumn>
                        <Name>codigo</Name>
                        <TableName>pedidosprov</TableName>
                        <ColumnName>codigo</ColumnName>
                        <ColumnType>char</ColumnType>
                        <ColumnLength>30</ColumnLength>
                        <Format>
                            <column_display>hide</column_display>
                            <content_type>plain</content_type>
                            <ColumnStartPDF></ColumnStartPDF>
                            <justify>left</justify>
                            <ColumnWidthPDF></ColumnWidthPDF>
                            <ColumnWidthHTML></ColumnWidthHTML>
                            <column_title>Número de Pedido:</column_title>
                            <tooltip></tooltip>
                            <group_header_label>0</group_header_label>
                            <group_header_label_xpos></group_header_label_xpos>
                            <group_header_data_xpos></group_header_data_xpos>
                            <group_trailer_label>0</group_trailer_label>
                        </Format>
                    </QueryColumn>
                    <QueryColumn>
                        <Name>observaciones</Name>
                        <TableName>pedidosprov</TableName>
                        <ColumnName>observaciones</ColumnName>
                        <ColumnType>char</ColumnType>
                        <ColumnLength>30</ColumnLength>
                        <Format>
                            <column_display>hide</column_display>
                            <content_type>plain</content_type>
                            <ColumnStartPDF></ColumnStartPDF>
                            <justify>left</justify>
                            <ColumnWidthPDF></ColumnWidthPDF>
                            <ColumnWidthHTML></ColumnWidthHTML>
                            <column_title>Observaciones:</column_title>
                            <tooltip></tooltip>
                            <group_header_label>0</group_header_label>
                            <group_header_label_xpos></group_header_label_xpos>
                            <group_header_data_xpos></group_header_data_xpos>
                            <group_trailer_label>0</group_trailer_label>
                        </Format>
                    </QueryColumn>
                    <QueryColumn>
                        <Name>cant</Name>
                        <TableName>lineaspedidosprov</TableName>
                        <ColumnName>cantidad</ColumnName>
                        <ColumnType>char</ColumnType>
                        <ColumnLength>30</ColumnLength>
                        <Format>
                            <column_display>show</column_display>
                            <content_type>plain</content_type>
                            <ColumnStartPDF></ColumnStartPDF>
                            <justify>right</justify>
                            <ColumnWidthPDF>7%</ColumnWidthPDF>
                            <ColumnWidthHTML></ColumnWidthHTML>
                            <column_title>Cant.</column_title>
                            <tooltip></tooltip>
                            <group_header_label>0</group_header_label>
                            <group_header_label_xpos></group_header_label_xpos>
                            <group_header_data_xpos></group_header_data_xpos>
                            <group_trailer_label>0</group_trailer_label>
                        </Format>
                    </QueryColumn>
                    <QueryColumn>
                        <Name>pvptotal</Name>
                        <TableName>lineaspedidosprov</TableName>
                        <ColumnName>pvptotal</ColumnName>
                        <ColumnType>char</ColumnType>
                        <ColumnLength>30</ColumnLength>
                        <Format>
                            <column_display>hide</column_display>
                            <content_type>plain</content_type>
                            <ColumnStartPDF></ColumnStartPDF>
                            <justify>left</justify>
                            <ColumnWidthPDF></ColumnWidthPDF>
                            <ColumnWidthHTML></ColumnWidthHTML>
                            <column_title>PVP Total:</column_title>
                            <tooltip></tooltip>
                            <group_header_label>0</group_header_label>
                            <group_header_label_xpos></group_header_label_xpos>
                            <group_header_data_xpos></group_header_data_xpos>
                            <group_trailer_label>0</group_trailer_label>
                        </Format>
                    </QueryColumn>
                    <QueryColumn>
                        <Name>descripcion</Name>
                        <TableName>lineaspedidosprov</TableName>
                        <ColumnName>descripcion</ColumnName>
                        <ColumnType>char</ColumnType>
                        <ColumnLength>30</ColumnLength>
                        <Format>
                            <column_display>show</column_display>
                            <content_type>plain</content_type>
                            <ColumnStartPDF></ColumnStartPDF>
                            <justify>left</justify>
                            <ColumnWidthPDF></ColumnWidthPDF>
                            <ColumnWidthHTML></ColumnWidthHTML>
                            <column_title>Descripción</column_title>
                            <tooltip></tooltip>
                            <group_header_label>0</group_header_label>
                            <group_header_label_xpos></group_header_label_xpos>
                            <group_header_data_xpos></group_header_data_xpos>
                            <group_trailer_label>0</group_trailer_label>
                        </Format>
                    </QueryColumn>
                    <QueryColumn>
                        <Name>pvp</Name>
                        <TableName>lineaspedidosprov</TableName>
                        <ColumnName>pvptotal</ColumnName>
                        <ColumnType>char</ColumnType>
                        <ColumnLength>30</ColumnLength>
                        <Format>
                            <column_display>hide</column_display>
                            <content_type>plain</content_type>
                            <ColumnStartPDF></ColumnStartPDF>
                            <justify>right</justify>
                            <ColumnWidthPDF>10%</ColumnWidthPDF>
                            <ColumnWidthHTML></ColumnWidthHTML>
                            <column_title>PVP</column_title>
                            <tooltip></tooltip>
                            <group_header_label>0</group_header_label>
                            <group_header_label_xpos></group_header_label_xpos>
                            <group_header_data_xpos></group_header_data_xpos>
                            <group_trailer_label>0</group_trailer_label>
                        </Format>
                    </QueryColumn>
                    <QueryColumn>
                        <Name>ivalinea</Name>
                        <TableName>lineaspedidosprov</TableName>
                        <ColumnName>iva</ColumnName>
                        <ColumnType>char</ColumnType>
                        <ColumnLength>30</ColumnLength>
                        <Format>
                            <column_display>hide</column_display>
                            <content_type>plain</content_type>
                            <ColumnStartPDF></ColumnStartPDF>
                            <justify>right</justify>
                            <ColumnWidthPDF>7%</ColumnWidthPDF>
                            <ColumnWidthHTML></ColumnWidthHTML>
                            <column_title>%IVA</column_title>
                            <tooltip></tooltip>
                            <group_header_label>0</group_header_label>
                            <group_header_label_xpos></group_header_label_xpos>
                            <group_header_data_xpos></group_header_data_xpos>
                            <group_trailer_label>0</group_trailer_label>
                        </Format>
                    </QueryColumn>
                    <QueryColumn>
                        <Name>impuestos</Name>
                        <TableName></TableName>
                        <ColumnName>(lineaspedidosprov.pvptotal*lineaspedidosprov.iva/100)</ColumnName>
                        <ColumnType>char</ColumnType>
                        <ColumnLength>30</ColumnLength>
                        <Format>
                            <column_display>hide</column_display>
                            <content_type>plain</content_type>
                            <ColumnStartPDF></ColumnStartPDF>
                            <justify>left</justify>
                            <ColumnWidthPDF></ColumnWidthPDF>
                            <ColumnWidthHTML></ColumnWidthHTML>
                            <column_title>Impuestos</column_title>
                            <tooltip></tooltip>
                            <group_header_label>0</group_header_label>
                            <group_header_label_xpos></group_header_label_xpos>
                            <group_header_data_xpos></group_header_data_xpos>
                            <group_trailer_label>0</group_trailer_label>
                        </Format>
                    </QueryColumn>
                    <QueryColumn>
                        <Name>totallinea</Name>
                        <TableName></TableName>
                        <ColumnName>
                            (lineaspedidosprov.pvptotal+(lineaspedidosprov.pvptotal*lineaspedidosprov.iva/100))
                        </ColumnName>
                        <ColumnType>char</ColumnType>
                        <ColumnLength>30</ColumnLength>
                        <Format>
                            <column_display>hide</column_display>
                            <content_type>plain</content_type>
                            <ColumnStartPDF></ColumnStartPDF>
                            <justify>left</justify>
                            <ColumnWidthPDF></ColumnWidthPDF>
                            <ColumnWidthHTML></ColumnWidthHTML>
                            <column_title>PVP Total</column_title>
                            <tooltip></tooltip>
                            <group_header_label>0</group_header_label>
                            <group_header_label_xpos></group_header_label_xpos>
                            <group_header_data_xpos></group_header_data_xpos>
                            <group_trailer_label>0</group_trailer_label>
                        </Format>
                    </QueryColumn>
                    <QueryColumn>
                        <Name>telefono1</Name>
                        <TableName>proveedores</TableName>
                        <ColumnName>telefono1</ColumnName>
                        <ColumnType>char</ColumnType>
                        <ColumnLength>30</ColumnLength>
                        <Format>
                            <column_display>hide</column_display>
                            <content_type>plain</content_type>
                            <ColumnStartPDF></ColumnStartPDF>
                            <justify>left</justify>
                            <ColumnWidthPDF></ColumnWidthPDF>
                            <ColumnWidthHTML></ColumnWidthHTML>
                            <column_title>Teléfono</column_title>
                            <tooltip></tooltip>
                            <group_header_label>0</group_header_label>
                            <group_header_label_xpos></group_header_label_xpos>
                            <group_header_data_xpos></group_header_data_xpos>
                            <group_trailer_label>0</group_trailer_label>
                        </Format>
                    </QueryColumn>
                    <QueryColumn>
                        <Name>telefono2</Name>
                        <TableName>proveedores</TableName>
                        <ColumnName>telefono2</ColumnName>
                        <ColumnType>char</ColumnType>
                        <ColumnLength>30</ColumnLength>
                        <Format>
                            <column_display>hide</column_display>
                            <content_type>plain</content_type>
                            <ColumnStartPDF></ColumnStartPDF>
                            <justify>left</justify>
                            <ColumnWidthPDF></ColumnWidthPDF>
                            <ColumnWidthHTML></ColumnWidthHTML>
                            <column_title></column_title>
                            <tooltip></tooltip>
                            <group_header_label>0</group_header_label>
                            <group_header_label_xpos></group_header_label_xpos>
                            <group_header_data_xpos></group_header_data_xpos>
                            <group_trailer_label>0</group_trailer_label>
                        </Format>
                    </QueryColumn>
                    <QueryColumn>
                        <Name>Inilinea</Name>
                        <TableName></TableName>
                        <ColumnName></ColumnName>
                        <ColumnType></ColumnType>
                        <ColumnLength></ColumnLength>
                        <Format>
                            <column_display>show</column_display>
                            <content_type>plain</content_type>
                            <ColumnStartPDF></ColumnStartPDF>
                            <justify>center</justify>
                            <ColumnWidthPDF>2%</ColumnWidthPDF>
                            <ColumnWidthHTML></ColumnWidthHTML>
                            <column_title>•</column_title>
                            <tooltip></tooltip>
                            <group_header_label>0</group_header_label>
                            <group_header_label_xpos></group_header_label_xpos>
                            <group_header_data_xpos></group_header_data_xpos>
                            <group_trailer_label>0</group_trailer_label>
                        </Format>
                    </QueryColumn>
                    <QueryColumn>
                        <Name>id</Name>
                        <TableName>empresa</TableName>
                        <ColumnName>id</ColumnName>
                        <ColumnType>char</ColumnType>
                        <ColumnLength>30</ColumnLength>
                        <Format>
                            <column_display>hide</column_display>
                            <content_type>plain</content_type>
                            <ColumnStartPDF></ColumnStartPDF>
                            <justify>left</justify>
                            <ColumnWidthPDF></ColumnWidthPDF>
                            <ColumnWidthHTML></ColumnWidthHTML>
                            <column_title></column_title>
                            <tooltip></tooltip>
                            <group_header_label>0</group_header_label>
                            <group_header_label_xpos></group_header_label_xpos>
                            <group_header_data_xpos></group_header_data_xpos>
                            <group_trailer_label>0</group_trailer_label>
                        </Format>
                    </QueryColumn>
                    <QueryColumn>
                        <Name>codagente</Name>
                        <TableName>agentes</TableName>
                        <ColumnName>codagente</ColumnName>
                        <ColumnType>char</ColumnType>
                        <ColumnLength>30</ColumnLength>
                        <Format>
                            <column_display>hide</column_display>
                            <content_type>plain</content_type>
                            <ColumnStartPDF></ColumnStartPDF>
                            <justify>left</justify>
                            <ColumnWidthPDF></ColumnWidthPDF>
                            <ColumnWidthHTML></ColumnWidthHTML>
                            <column_title></column_title>
                            <tooltip></tooltip>
                            <group_header_label>0</group_header_label>
                            <group_header_label_xpos></group_header_label_xpos>
                            <group_header_data_xpos></group_header_data_xpos>
                            <group_trailer_label>0</group_trailer_label>
                        </Format>
                    </QueryColumn>
                    <QueryColumn>
                        <Name>codalmacen</Name>
                        <TableName>pedidosprov</TableName>
                        <ColumnName>codalmacen</ColumnName>
                        <ColumnType>char</ColumnType>
                        <ColumnLength>30</ColumnLength>
                        <Format>
                            <column_display>hide</column_display>
                            <content_type>plain</content_type>
                            <ColumnStartPDF></ColumnStartPDF>
                            <justify>left</justify>
                            <ColumnWidthPDF></ColumnWidthPDF>
                            <ColumnWidthHTML></ColumnWidthHTML>
                            <column_title></column_title>
                            <tooltip></tooltip>
                            <group_header_label>0</group_header_label>
                            <group_header_label_xpos></group_header_label_xpos>
                            <group_header_data_xpos></group_header_data_xpos>
                            <group_trailer_label>0</group_trailer_label>
                        </Format>
                    </QueryColumn>
                    <QueryColumn>
                        <Name>nomemp</Name>
                        <TableName>empresa</TableName>
                        <ColumnName>nombre</ColumnName>
                        <ColumnType>char</ColumnType>
                        <ColumnLength>30</ColumnLength>
                        <Format>
                            <column_display>hide</column_display>
                            <content_type>plain</content_type>
                            <ColumnStartPDF></ColumnStartPDF>
                            <justify>left</justify>
                            <ColumnWidthPDF></ColumnWidthPDF>
                            <ColumnWidthHTML></ColumnWidthHTML>
                            <column_title></column_title>
                            <tooltip></tooltip>
                            <group_header_label>0</group_header_label>
                            <group_header_label_xpos></group_header_label_xpos>
                            <group_header_data_xpos></group_header_data_xpos>
                            <group_trailer_label>0</group_trailer_label>
                        </Format>
                    </QueryColumn>
                    <QueryColumn>
                        <Name>diremp</Name>
                        <TableName>empresa</TableName>
                        <ColumnName>direccion</ColumnName>
                        <ColumnType>char</ColumnType>
                        <ColumnLength>30</ColumnLength>
                        <Format>
                            <column_display>hide</column_display>
                            <content_type>plain</content_type>
                            <ColumnStartPDF></ColumnStartPDF>
                            <justify>left</justify>
                            <ColumnWidthPDF></ColumnWidthPDF>
                            <ColumnWidthHTML></ColumnWidthHTML>
                            <column_title></column_title>
                            <tooltip></tooltip>
                            <group_header_label>0</group_header_label>
                            <group_header_label_xpos></group_header_label_xpos>
                            <group_header_data_xpos></group_header_data_xpos>
                            <group_trailer_label>0</group_trailer_label>
                        </Format>
                    </QueryColumn>
                    <QueryColumn>
                        <Name>cpemp</Name>
                        <TableName>empresa</TableName>
                        <ColumnName>codpostal</ColumnName>
                        <ColumnType>char</ColumnType>
                        <ColumnLength>30</ColumnLength>
                        <Format>
                            <column_display>hide</column_display>
                            <content_type>plain</content_type>
                            <ColumnStartPDF></ColumnStartPDF>
                            <justify>left</justify>
                            <ColumnWidthPDF></ColumnWidthPDF>
                            <ColumnWidthHTML></ColumnWidthHTML>
                            <column_title></column_title>
                            <tooltip></tooltip>
                            <group_header_label>0</group_header_label>
                            <group_header_label_xpos></group_header_label_xpos>
                            <group_header_data_xpos></group_header_data_xpos>
                            <group_trailer_label>0</group_trailer_label>
                        </Format>
                    </QueryColumn>
                    <QueryColumn>
                        <Name>poblemp</Name>
                        <TableName>empresa</TableName>
                        <ColumnName>ciudad</ColumnName>
                        <ColumnType>char</ColumnType>
                        <ColumnLength>30</ColumnLength>
                        <Format>
                            <column_display>hide</column_display>
                            <content_type>plain</content_type>
                            <ColumnStartPDF></ColumnStartPDF>
                            <justify>left</justify>
                            <ColumnWidthPDF></ColumnWidthPDF>
                            <ColumnWidthHTML></ColumnWidthHTML>
                            <column_title></column_title>
                            <tooltip></tooltip>
                            <group_header_label>0</group_header_label>
                            <group_header_label_xpos></group_header_label_xpos>
                            <group_header_data_xpos></group_header_data_xpos>
                            <group_trailer_label>0</group_trailer_label>
                        </Format>
                    </QueryColumn>
                    <QueryColumn>
                        <Name>telemp</Name>
                        <TableName>empresa</TableName>
                        <ColumnName>telefono</ColumnName>
                        <ColumnType>char</ColumnType>
                        <ColumnLength>30</ColumnLength>
                        <Format>
                            <column_display>hide</column_display>
                            <content_type>plain</content_type>
                            <ColumnStartPDF></ColumnStartPDF>
                            <justify>left</justify>
                            <ColumnWidthPDF></ColumnWidthPDF>
                            <ColumnWidthHTML></ColumnWidthHTML>
                            <column_title></column_title>
                            <tooltip></tooltip>
                            <group_header_label>0</group_header_label>
                            <group_header_label_xpos></group_header_label_xpos>
                            <group_header_data_xpos></group_header_data_xpos>
                            <group_trailer_label>0</group_trailer_label>
                        </Format>
                    </QueryColumn>
                    <QueryColumn>
                        <Name>webemp</Name>
                        <TableName>empresa</TableName>
                        <ColumnName>web</ColumnName>
                        <ColumnType>char</ColumnType>
                        <ColumnLength>30</ColumnLength>
                        <Format>
                            <column_display>hide</column_display>
                            <content_type>plain</content_type>
                            <ColumnStartPDF></ColumnStartPDF>
                            <justify>left</justify>
                            <ColumnWidthPDF></ColumnWidthPDF>
                            <ColumnWidthHTML></ColumnWidthHTML>
                            <column_title></column_title>
                            <tooltip></tooltip>
                            <group_header_label>0</group_header_label>
                            <group_header_label_xpos></group_header_label_xpos>
                            <group_header_data_xpos></group_header_data_xpos>
                            <group_trailer_label>0</group_trailer_label>
                        </Format>
                    </QueryColumn>
                    <QueryColumn>
                        <Name>agnom</Name>
                        <TableName>agentes</TableName>
                        <ColumnName>nombre</ColumnName>
                        <ColumnType>char</ColumnType>
                        <ColumnLength>30</ColumnLength>
                        <Format>
                            <column_display>hide</column_display>
                            <content_type>plain</content_type>
                            <ColumnStartPDF></ColumnStartPDF>
                            <justify>left</justify>
                            <ColumnWidthPDF></ColumnWidthPDF>
                            <ColumnWidthHTML></ColumnWidthHTML>
                            <column_title></column_title>
                            <tooltip></tooltip>
                            <group_header_label>0</group_header_label>
                            <group_header_label_xpos></group_header_label_xpos>
                            <group_header_data_xpos></group_header_data_xpos>
                            <group_trailer_label>0</group_trailer_label>
                        </Format>
                    </QueryColumn>
                    <QueryColumn>
                        <Name>agmail</Name>
                        <TableName>fs_users</TableName>
                        <ColumnName>email</ColumnName>
                        <ColumnType>char</ColumnType>
                        <ColumnLength>30</ColumnLength>
                        <Format>
                            <column_display>hide</column_display>
                            <content_type>plain</content_type>
                            <ColumnStartPDF></ColumnStartPDF>
                            <justify>left</justify>
                            <ColumnWidthPDF></ColumnWidthPDF>
                            <ColumnWidthHTML></ColumnWidthHTML>
                            <column_title></column_title>
                            <tooltip></tooltip>
                            <group_header_label>0</group_header_label>
                            <group_header_label_xpos></group_header_label_xpos>
                            <group_header_data_xpos></group_header_data_xpos>
                            <group_trailer_label>0</group_trailer_label>
                        </Format>
                    </QueryColumn>
                    <QueryColumn>
                        <Name>codalm</Name>
                        <TableName>almacenes</TableName>
                        <ColumnName>codalmacen</ColumnName>
                        <ColumnType>char</ColumnType>
                        <ColumnLength>30</ColumnLength>
                        <Format>
                            <column_display>hide</column_display>
                            <content_type>plain</content_type>
                            <ColumnStartPDF></ColumnStartPDF>
                            <justify>left</justify>
                            <ColumnWidthPDF></ColumnWidthPDF>
                            <ColumnWidthHTML></ColumnWidthHTML>
                            <column_title></column_title>
                            <tooltip></tooltip>
                            <group_header_label>0</group_header_label>
                            <group_header_label_xpos></group_header_label_xpos>
                            <group_header_data_xpos></group_header_data_xpos>
                            <group_trailer_label>0</group_trailer_label>
                        </Format>
                    </QueryColumn>
                    <QueryColumn>
                        <Name>nomalm</Name>
                        <TableName>almacenes</TableName>
                        <ColumnName>nombre</ColumnName>
                        <ColumnType>char</ColumnType>
                        <ColumnLength>30</ColumnLength>
                        <Format>
                            <column_display>hide</column_display>
                            <content_type>plain</content_type>
                            <ColumnStartPDF></ColumnStartPDF>
                            <justify>left</justify>
                            <ColumnWidthPDF></ColumnWidthPDF>
                            <ColumnWidthHTML></ColumnWidthHTML>
                            <column_title></column_title>
                            <tooltip></tooltip>
                            <group_header_label>0</group_header_label>
                            <group_header_label_xpos></group_header_label_xpos>
                            <group_header_data_xpos></group_header_data_xpos>
                            <group_trailer_label>0</group_trailer_label>
                        </Format>
                    </QueryColumn>
                    <QueryColumn>
                        <Name>diralm</Name>
                        <TableName>almacenes</TableName>
                        <ColumnName>direccion</ColumnName>
                        <ColumnType>char</ColumnType>
                        <ColumnLength>30</ColumnLength>
                        <Format>
                            <column_display>hide</column_display>
                            <content_type>plain</content_type>
                            <ColumnStartPDF></ColumnStartPDF>
                            <justify>left</justify>
                            <ColumnWidthPDF></ColumnWidthPDF>
                            <ColumnWidthHTML></ColumnWidthHTML>
                            <column_title></column_title>
                            <tooltip></tooltip>
                            <group_header_label>0</group_header_label>
                            <group_header_label_xpos></group_header_label_xpos>
                            <group_header_data_xpos></group_header_data_xpos>
                            <group_trailer_label>0</group_trailer_label>
                        </Format>
                    </QueryColumn>
                    <QueryColumn>
                        <Name>poblalm</Name>
                        <TableName>almacenes</TableName>
                        <ColumnName>poblacion</ColumnName>
                        <ColumnType>char</ColumnType>
                        <ColumnLength>30</ColumnLength>
                        <Format>
                            <column_display>hide</column_display>
                            <content_type>plain</content_type>
                            <ColumnStartPDF></ColumnStartPDF>
                            <justify>left</justify>
                            <ColumnWidthPDF></ColumnWidthPDF>
                            <ColumnWidthHTML></ColumnWidthHTML>
                            <column_title></column_title>
                            <tooltip></tooltip>
                            <group_header_label>0</group_header_label>
                            <group_header_label_xpos></group_header_label_xpos>
                            <group_header_data_xpos></group_header_data_xpos>
                            <group_trailer_label>0</group_trailer_label>
                        </Format>
                    </QueryColumn>
                </QueryColumns>
                <OrderColumns></OrderColumns>
                <PreSQLS></PreSQLS>
            </Query>
            <Assignments>
                <Assignment>
                    <AssignName>cant</AssignName>
                    <AssignNameNew></AssignNameNew>
                    <Expression>number_format(({cant}),2,',','.');</Expression>
                    <Condition></Condition>
                </Assignment>
                <Assignment>
                    <AssignName>Inilinea</AssignName>
                    <AssignNameNew></AssignNameNew>
                    <Expression>&quot;•&quot;</Expression>
                    <Condition></Condition>
                </Assignment>
                <Assignment>
                    <AssignName>descripcion</AssignName>
                    <AssignNameNew></AssignNameNew>
                    <Expression>apply_style('ALLCELLS', 'padding', '0 0 5 0');</Expression>
                    <Condition></Condition>
                </Assignment>
                <Assignment>
                    <AssignName>numproveedor</AssignName>
                    <AssignNameNew></AssignNameNew>
                    <Expression>{numproveedor}.' '</Expression>
                    <Condition></Condition>
                </Assignment>
                <Assignment>
                    <AssignName>ciudad</AssignName>
                    <AssignNameNew></AssignNameNew>
                    <Expression>{ciudad}.&quot; (&quot;.{provincia}.&quot;)&quot;</Expression>
                    <Condition></Condition>
                </Assignment>
                <Assignment>
                    <AssignName>nomalm</AssignName>
                    <AssignNameNew></AssignNameNew>
                    <Expression>&quot;Entregar en: &quot;.{nomalm}.&quot; - &quot;.{diralm}.&quot; - &quot;.{poblalm}
                    </Expression>
                    <Condition></Condition>
                </Assignment>
                <Assignment>
                    <AssignName>observaciones</AssignName>
                    <AssignNameNew></AssignNameNew>
                    <Expression>{observaciones}.&quot; &quot;</Expression>
                    <Condition></Condition>
                </Assignment>
            </Assignments>
            <Criteria>
                <CriteriaItem>
                    <Name>idpedido</Name>
                    <Title>ID de idpedido:</Title>
                    <QueryTableName></QueryTableName>
                    <QueryColumnName>pedidosprov.idpedido</QueryColumnName>
                    <CriteriaType>LOOKUP</CriteriaType>
                    <CriteriaDisplay>NOINPUT</CriteriaDisplay>
                    <ExpandDisplay>NOINPUT</ExpandDisplay>
                    <ReturnColumn>idpedido</ReturnColumn>
                    <DisplayColumn>codigo</DisplayColumn>
                    <OverviewColumn>idpedido</OverviewColumn>
                    <MatchColumn>codigo</MatchColumn>
                    <CriteriaDefaults></CriteriaDefaults>
                    <CriteriaList></CriteriaList>
                    <Query>
                        <TableSql></TableSql>
                        <WhereSql></WhereSql>
                        <GroupSql></GroupSql>
                        <RowSelection></RowSelection>
                        <SQLRaw>SELECT pedidosprov.idpedido, pedidosprov.codigo
                            FROM pedidosprov
                            [WHERE pedidosprov.idpedido={idpedido,VALUE}]
                            ORDER BY pedidosprov.idpedido ASC
                        </SQLRaw>
                        <SQL>
                            <QuerySql></QuerySql>
                        </SQL>
                        <QueryColumns>
                            <QueryColumn>
                                <Name>idpedido</Name>
                                <TableName>pedidosprov</TableName>
                                <ColumnName>idpedido</ColumnName>
                                <ColumnType>char</ColumnType>
                                <ColumnLength>30</ColumnLength>
                                <Format>
                                    <column_display>show</column_display>
                                    <content_type>plain</content_type>
                                    <justify>left</justify>
                                </Format>
                            </QueryColumn>
                            <QueryColumn>
                                <Name>codigo</Name>
                                <TableName>pedidosprov</TableName>
                                <ColumnName>codigo</ColumnName>
                                <ColumnType>char</ColumnType>
                                <ColumnLength>30</ColumnLength>
                                <Format>
                                    <column_display>show</column_display>
                                    <content_type>plain</content_type>
                                    <justify>left</justify>
                                </Format>
                            </QueryColumn>
                        </QueryColumns>
                        <OrderColumns></OrderColumns>
                        <Assignments></Assignments>
                    </Query>
                    <CriteriaLinks></CriteriaLinks>
                </CriteriaItem>
            </Criteria>
            <Output>
                <PageHeaders>
                    <PageHeader>
                        <LineNumber>1</LineNumber>
                        <HeaderText>Nuestro Pedido Número: {codigo}{STYLE border-width: 1 0 1 0; margin: 15px 0px 0px 0px; border-color: #d1d4d7; font-size: 16; border-style: solid;padding:5px 0px 5px 0px; height: 1cm; background-color: #d1d4d7; color: #fffff; text-align: center;}</HeaderText>
                        <Format>
                            <ColumnStartPDF></ColumnStartPDF>
                            <justify>center</justify>
                            <ColumnWidthPDF></ColumnWidthPDF>
                            <ShowInPDF>yes</ShowInPDF>
                            <ShowInHTML>no</ShowInHTML>
                        </Format>
                    </PageHeader>
                    <PageHeader>
                        <LineNumber>1</LineNumber>
                        <HeaderText>{poblemp}, date('d-m-Y H:i:s') Página: {PAGE}{STYLE font-size:10pt;}</HeaderText>
                        <Format>
                            <ColumnStartPDF></ColumnStartPDF>
                            <justify>right</justify>
                            <ColumnWidthPDF></ColumnWidthPDF>
                            <ShowInPDF>yes</ShowInPDF>
                            <ShowInHTML>no</ShowInHTML>
                        </Format>
                    </PageHeader>
                    <PageHeader>
                        <LineNumber>3</LineNumber>
                        <HeaderText>Nuestra Referencia: {numproveedor}{STYLE border-width: 1 0 1 0; margin: 15px 0px 0px 0px; border-color: #d1d4d7; font-size: 10; border-style: solid;padding:5px 0px 5px 0px; height:1cm; background-color: #d1d4d7; color: #fffff; text-align: center}</HeaderText>
                        <Format>
                            <ColumnStartPDF></ColumnStartPDF>
                            <justify>center</justify>
                            <ColumnWidthPDF></ColumnWidthPDF>
                            <ShowInPDF>yes</ShowInPDF>
                            <ShowInHTML>no</ShowInHTML>
                        </Format>
                    </PageHeader>
                </PageHeaders>
                <PageFooters>
                    <PageFooter>
                        <LineNumber>2</LineNumber>
                        <FooterText>{nomemp} | {diremp} | {cpemp} {poblemp} | {telemp} | {webemp}{STYLE border-width: 1 0 0 0; margin: 40 0 0 0; font-style: italic; font-size: 9}</FooterText>
                        <Format>
                            <ColumnStartPDF></ColumnStartPDF>
                            <justify>center</justify>
                            <ColumnWidthPDF></ColumnWidthPDF>
                            <ShowInPDF>yes</ShowInPDF>
                            <ShowInHTML>yes</ShowInHTML>
                        </Format>
                    </PageFooter>
                </PageFooters>
                <DisplayOrders>
                    <DisplayOrder>
                        <ColumnName>idpedido</ColumnName>
                        <OrderNumber>1</OrderNumber>
                    </DisplayOrder>
                    <DisplayOrder>
                        <ColumnName>codproveedor</ColumnName>
                        <OrderNumber>2</OrderNumber>
                    </DisplayOrder>
                    <DisplayOrder>
                        <ColumnName>nombre</ColumnName>
                        <OrderNumber>3</OrderNumber>
                    </DisplayOrder>
                    <DisplayOrder>
                        <ColumnName>direccion</ColumnName>
                        <OrderNumber>4</OrderNumber>
                    </DisplayOrder>
                    <DisplayOrder>
                        <ColumnName>ciudad</ColumnName>
                        <OrderNumber>5</OrderNumber>
                    </DisplayOrder>
                    <DisplayOrder>
                        <ColumnName>numproveedor</ColumnName>
                        <OrderNumber>6</OrderNumber>
                    </DisplayOrder>
                    <DisplayOrder>
                        <ColumnName>cifnif</ColumnName>
                        <OrderNumber>7</OrderNumber>
                    </DisplayOrder>
                    <DisplayOrder>
                        <ColumnName>total</ColumnName>
                        <OrderNumber>8</OrderNumber>
                    </DisplayOrder>
                    <DisplayOrder>
                        <ColumnName>totaliva</ColumnName>
                        <OrderNumber>9</OrderNumber>
                    </DisplayOrder>
                    <DisplayOrder>
                        <ColumnName>provincia</ColumnName>
                        <OrderNumber>10</OrderNumber>
                    </DisplayOrder>
                    <DisplayOrder>
                        <ColumnName>codigo</ColumnName>
                        <OrderNumber>11</OrderNumber>
                    </DisplayOrder>
                    <DisplayOrder>
                        <ColumnName>pvptotal</ColumnName>
                        <OrderNumber>12</OrderNumber>
                    </DisplayOrder>
                    <DisplayOrder>
                        <ColumnName>ivalinea</ColumnName>
                        <OrderNumber>13</OrderNumber>
                    </DisplayOrder>
                    <DisplayOrder>
                        <ColumnName>pvp</ColumnName>
                        <OrderNumber>14</OrderNumber>
                    </DisplayOrder>
                    <DisplayOrder>
                        <ColumnName>cant</ColumnName>
                        <OrderNumber>15</OrderNumber>
                    </DisplayOrder>
                    <DisplayOrder>
                        <ColumnName>impuestos</ColumnName>
                        <OrderNumber>16</OrderNumber>
                    </DisplayOrder>
                    <DisplayOrder>
                        <ColumnName>Inilinea</ColumnName>
                        <OrderNumber>17</OrderNumber>
                    </DisplayOrder>
                    <DisplayOrder>
                        <ColumnName>totallinea</ColumnName>
                        <OrderNumber>18</OrderNumber>
                    </DisplayOrder>
                    <DisplayOrder>
                        <ColumnName>descripcion</ColumnName>
                        <OrderNumber>19</OrderNumber>
                    </DisplayOrder>
                    <DisplayOrder>
                        <ColumnName>telefono1</ColumnName>
                        <OrderNumber>20</OrderNumber>
                    </DisplayOrder>
                    <DisplayOrder>
                        <ColumnName>telefono2</ColumnName>
                        <OrderNumber>21</OrderNumber>
                    </DisplayOrder>
                    <DisplayOrder>
                        <ColumnName>neto</ColumnName>
                        <OrderNumber>22</OrderNumber>
                    </DisplayOrder>
                    <DisplayOrder>
                        <ColumnName>observaciones</ColumnName>
                        <OrderNumber>23</OrderNumber>
                    </DisplayOrder>
                    <DisplayOrder>
                        <ColumnName>id</ColumnName>
                        <OrderNumber>24</OrderNumber>
                    </DisplayOrder>
                    <DisplayOrder>
                        <ColumnName>cpemp</ColumnName>
                        <OrderNumber>25</OrderNumber>
                    </DisplayOrder>
                    <DisplayOrder>
                        <ColumnName>telemp</ColumnName>
                        <OrderNumber>26</OrderNumber>
                    </DisplayOrder>
                    <DisplayOrder>
                        <ColumnName>webemp</ColumnName>
                        <OrderNumber>27</OrderNumber>
                    </DisplayOrder>
                    <DisplayOrder>
                        <ColumnName>nomemp</ColumnName>
                        <OrderNumber>28</OrderNumber>
                    </DisplayOrder>
                    <DisplayOrder>
                        <ColumnName>diremp</ColumnName>
                        <OrderNumber>29</OrderNumber>
                    </DisplayOrder>
                    <DisplayOrder>
                        <ColumnName>poblemp</ColumnName>
                        <OrderNumber>30</OrderNumber>
                    </DisplayOrder>
                    <DisplayOrder>
                        <ColumnName>codagente</ColumnName>
                        <OrderNumber>31</OrderNumber>
                    </DisplayOrder>
                    <DisplayOrder>
                        <ColumnName>agnom</ColumnName>
                        <OrderNumber>32</OrderNumber>
                    </DisplayOrder>
                    <DisplayOrder>
                        <ColumnName>agmail</ColumnName>
                        <OrderNumber>33</OrderNumber>
                    </DisplayOrder>
                    <DisplayOrder>
                        <ColumnName>codalmacen</ColumnName>
                        <OrderNumber>34</OrderNumber>
                    </DisplayOrder>
                    <DisplayOrder>
                        <ColumnName>poblalm</ColumnName>
                        <OrderNumber>35</OrderNumber>
                    </DisplayOrder>
                    <DisplayOrder>
                        <ColumnName>diralm</ColumnName>
                        <OrderNumber>36</OrderNumber>
                    </DisplayOrder>
                    <DisplayOrder>
                        <ColumnName>codalm</ColumnName>
                        <OrderNumber>37</OrderNumber>
                    </DisplayOrder>
                    <DisplayOrder>
                        <ColumnName>nomalm</ColumnName>
                        <OrderNumber>38</OrderNumber>
                    </DisplayOrder>
                </DisplayOrders>
                <Groups>
                    <Group>
                        <GroupName>codproveedor</GroupName>
                        <BeforeGroupHeader>newpage</BeforeGroupHeader>
                        <AfterGroupHeader>solidline</AfterGroupHeader>
                        <BeforeGroupTrailer>solidline</BeforeGroupTrailer>
                        <AfterGroupTrailer>blankline</AfterGroupTrailer>
                        <GroupHeaders>
                            <GroupHeader>
                                <GroupHeaderColumn>nombre</GroupHeaderColumn>
                                <GroupHeaderCustom></GroupHeaderCustom>
                            </GroupHeader>
                            <GroupHeader>
                                <GroupHeaderColumn>direccion</GroupHeaderColumn>
                                <GroupHeaderCustom></GroupHeaderCustom>
                            </GroupHeader>
                            <GroupHeader>
                                <GroupHeaderColumn>ciudad</GroupHeaderColumn>
                                <GroupHeaderCustom></GroupHeaderCustom>
                            </GroupHeader>
                            <GroupHeader>
                                <GroupHeaderColumn>cifnif</GroupHeaderColumn>
                                <GroupHeaderCustom></GroupHeaderCustom>
                            </GroupHeader>
                            <GroupHeader>
                                <GroupHeaderColumn>telefono1</GroupHeaderColumn>
                                <GroupHeaderCustom></GroupHeaderCustom>
                            </GroupHeader>
                        </GroupHeaders>
                        <GroupTrailers>
                            <GroupTrailer>
                                <GroupTrailerDisplayColumn>descripcion</GroupTrailerDisplayColumn>
                                <GroupTrailerValueColumn>neto</GroupTrailerValueColumn>
                                <GroupTrailerCustom>{nomalm}<br>{observaciones}<br><br><br>***Para
                                    cualquier aclaración, diríjase a: {agnom} ({agmail}){STYLE margin:0 5 0 5;}
                                </GroupTrailerCustom>
                            </GroupTrailer>
                        </GroupTrailers>
                    </Group>
                </Groups>
                <Graphs></Graphs>
            </Output>
        </EntryForm>
    </ReportQuery>
</Report>