<?xml version="1.0"?>
<Report>
    <ReportQuery>
        <Format>
            <ReportTitle>VENTAS - Diseño de impresión para Presupuestos</ReportTitle>
            <ReportDescription>Diseño de impresión para presupuestos de venta.
                &lt;br/&gt;
                &lt;b&gt;Diseñado por:&lt;/b&gt; Jorge L. Almendros
                &lt;br/&gt;
                &lt;b&gt;Adaptado a FacturaScripts por:&lt;/b&gt; Francesc Pineda Segarra
            </ReportDescription>
            <PageSize>.DEFAULT</PageSize>
            <PageOrientation>.DEFAULT</PageOrientation>
            <TopMargin/>
            <BottomMargin/>
            <RightMargin/>
            <LeftMargin/>
            <pdfFont>dejavusans</pdfFont>
            <pdfFontSize>10</pdfFontSize>
            <PreExecuteCode>NONE</PreExecuteCode>
            <formBetweenRows>blankline</formBetweenRows>
            <gridDisplay>.DEFAULT</gridDisplay>
            <gridSortable>.DEFAULT</gridSortable>
            <gridSearchable>.DEFAULT</gridSearchable>
            <gridPageable>.DEFAULT</gridPageable>
            <gridPageSize>.DEFAULT</gridPageSize>
        </Format>
        <Datasource>
            <SourceType>database</SourceType>
            <SourceConnection>
                <DatabaseType>mysql</DatabaseType>
                <DatabaseName/>
                <HostName/>
                <ServiceName/>
                <UserName/>
                <Password/>
            </SourceConnection>
        </Datasource>
        <EntryForm>
            <Query>
                <TableSql/>
                <WhereSql/>
                <GroupSql/>
                <RowSelection>all</RowSelection>
                <SQL>
                    <QuerySql/>
                    <SQLRaw>SELECT
                        presupuestoscli.idpresupuesto,
                        presupuestoscli.codcliente,
                        presupuestoscli.nombrecliente,
                        presupuestoscli.direccion,
                        presupuestoscli.ciudad,
                        presupuestoscli.numero2,
                        presupuestoscli.cifnif,
                        presupuestoscli.neto,
                        presupuestoscli.total,
                        presupuestoscli.totaliva,
                        presupuestoscli.provincia,
                        presupuestoscli.codigo,
                        presupuestoscli.observaciones,
                        presupuestoscli.codpago,

                        lineaspresupuestoscli.pvptotal,
                        lineaspresupuestoscli.idpresupuesto,
                        lineaspresupuestoscli.descripcion,

                        ( CASE lineaspresupuestoscli.mostrar_precio WHEN true THEN lineaspresupuestoscli.pvptotal END)
                        pvp,
                        ( CASE lineaspresupuestoscli.mostrar_cantidad WHEN true THEN lineaspresupuestoscli.cantidad END)
                        cant,
                        ( CASE lineaspresupuestoscli.mostrar_precio WHEN true THEN lineaspresupuestoscli.iva END)
                        ivalinea,
                        ( CASE lineaspresupuestoscli.mostrar_precio WHEN true THEN
                        (lineaspresupuestoscli.pvptotal*lineaspresupuestoscli.iva/100) END) impuestos,
                        ( CASE lineaspresupuestoscli.mostrar_precio WHEN true THEN
                        (lineaspresupuestoscli.pvptotal+(lineaspresupuestoscli.pvptotal*lineaspresupuestoscli.iva/100))
                        END) totallinea,

                        clientes.codcliente,
                        clientes.telefono1,
                        clientes.telefono2,

                        formaspago.codpago,
                        formaspago.descripcion descfpago,

                        empresa.id idemp,
                        empresa.direccion diremp,
                        empresa.codpostal cpemp,
                        empresa.ciudad poblemp,
                        empresa.telefono telemp,
                        empresa.web webemp,
                        empresa.pie_factura piefacemp,

                        agentes.codagente,
                        agentes.nombre agnom,
                        fs_users.email agmail

                        FROM presupuestoscli
                        LEFT JOIN lineaspresupuestoscli ON presupuestoscli.idpresupuesto = lineaspresupuestoscli.idpresupuesto
                        LEFT JOIN clientes ON presupuestoscli.codcliente = clientes.codcliente
                        LEFT JOIN formaspago ON presupuestoscli.codpago = formaspago.codpago
                        LEFT JOIN empresa ON empresa.id = 1
                        LEFT JOIN agentes ON presupuestoscli.codagente = agentes.codagente
                        LEFT JOIN fs_users ON agentes.codagente = fs_users.codagente

                        WHERE 1 = 1

                        ORDER BY
                        presupuestoscli.idpresupuesto ASC,
                        lineaspresupuestoscli.orden DESC
                    </SQLRaw>
                </SQL>
                <QueryColumns>
                    <QueryColumn>
                        <Name>idpresupuesto</Name>
                        <TableName>lineaspresupuestoscli</TableName>
                        <ColumnName>idpresupuesto</ColumnName>
                        <ColumnType>char</ColumnType>
                        <ColumnLength>30</ColumnLength>
                        <Format>
                            <column_display>hide</column_display>
                            <content_type>plain</content_type>
                            <ColumnStartPDF/>
                            <justify>left</justify>
                            <ColumnWidthPDF/>
                            <ColumnWidthHTML/>
                            <column_title>ID de Presupuesto:</column_title>
                            <tooltip/>
                            <group_header_label>0</group_header_label>
                            <group_header_label_xpos/>
                            <group_header_data_xpos/>
                            <group_trailer_label>0</group_trailer_label>
                        </Format>
                    </QueryColumn>
                    <QueryColumn>
                        <Name>codcliente</Name>
                        <TableName>clientes</TableName>
                        <ColumnName>codcliente</ColumnName>
                        <ColumnType>char</ColumnType>
                        <ColumnLength>30</ColumnLength>
                        <Format>
                            <column_display>hide</column_display>
                            <content_type>plain</content_type>
                            <ColumnStartPDF/>
                            <justify>left</justify>
                            <ColumnWidthPDF/>
                            <ColumnWidthHTML/>
                            <column_title>Código de cliente</column_title>
                            <tooltip/>
                            <group_header_label>0</group_header_label>
                            <group_header_label_xpos/>
                            <group_header_data_xpos/>
                            <group_trailer_label>0</group_trailer_label>
                        </Format>
                    </QueryColumn>
                    <QueryColumn>
                        <Name>nombrecliente</Name>
                        <TableName>presupuestoscli</TableName>
                        <ColumnName>nombrecliente</ColumnName>
                        <ColumnType>char</ColumnType>
                        <ColumnLength>30</ColumnLength>
                        <Format>
                            <column_display>hide</column_display>
                            <content_type>plain</content_type>
                            <ColumnStartPDF/>
                            <justify>left</justify>
                            <ColumnWidthPDF/>
                            <ColumnWidthHTML/>
                            <column_title>Nombre :</column_title>
                            <tooltip/>
                            <group_header_label>0</group_header_label>
                            <group_header_label_xpos/>
                            <group_header_data_xpos/>
                            <group_trailer_label>0</group_trailer_label>
                        </Format>
                    </QueryColumn>
                    <QueryColumn>
                        <Name>direccion</Name>
                        <TableName>presupuestoscli</TableName>
                        <ColumnName>direccion</ColumnName>
                        <ColumnType>char</ColumnType>
                        <ColumnLength>30</ColumnLength>
                        <Format>
                            <column_display>hide</column_display>
                            <content_type>plain</content_type>
                            <ColumnStartPDF/>
                            <justify>left</justify>
                            <ColumnWidthPDF/>
                            <ColumnWidthHTML/>
                            <column_title>Dirección :</column_title>
                            <tooltip/>
                            <group_header_label>0</group_header_label>
                            <group_header_label_xpos/>
                            <group_header_data_xpos/>
                            <group_trailer_label>0</group_trailer_label>
                        </Format>
                    </QueryColumn>
                    <QueryColumn>
                        <Name>ciudad</Name>
                        <TableName>presupuestoscli</TableName>
                        <ColumnName>ciudad</ColumnName>
                        <ColumnType>char</ColumnType>
                        <ColumnLength>30</ColumnLength>
                        <Format>
                            <column_display>hide</column_display>
                            <content_type>plain</content_type>
                            <ColumnStartPDF/>
                            <justify>left</justify>
                            <ColumnWidthPDF/>
                            <ColumnWidthHTML/>
                            <column_title>Población :</column_title>
                            <tooltip/>
                            <group_header_label>0</group_header_label>
                            <group_header_label_xpos/>
                            <group_header_data_xpos/>
                            <group_trailer_label>0</group_trailer_label>
                        </Format>
                    </QueryColumn>
                    <QueryColumn>
                        <Name>numero2</Name>
                        <TableName>presupuestoscli</TableName>
                        <ColumnName>numero2</ColumnName>
                        <ColumnType>char</ColumnType>
                        <ColumnLength>30</ColumnLength>
                        <Format>
                            <column_display>hide</column_display>
                            <content_type>plain</content_type>
                            <ColumnStartPDF/>
                            <justify>left</justify>
                            <ColumnWidthPDF/>
                            <ColumnWidthHTML/>
                            <column_title>Número 2:</column_title>
                            <tooltip/>
                            <group_header_label>0</group_header_label>
                            <group_header_label_xpos/>
                            <group_header_data_xpos/>
                            <group_trailer_label>0</group_trailer_label>
                        </Format>
                    </QueryColumn>
                    <QueryColumn>
                        <Name>cifnif</Name>
                        <TableName>presupuestoscli</TableName>
                        <ColumnName>cifnif</ColumnName>
                        <ColumnType>char</ColumnType>
                        <ColumnLength>30</ColumnLength>
                        <Format>
                            <column_display>hide</column_display>
                            <content_type>plain</content_type>
                            <ColumnStartPDF/>
                            <justify>left</justify>
                            <ColumnWidthPDF/>
                            <ColumnWidthHTML/>
                            <column_title>Cif / Nif</column_title>
                            <tooltip/>
                            <group_header_label>0</group_header_label>
                            <group_header_label_xpos/>
                            <group_header_data_xpos/>
                            <group_trailer_label>0</group_trailer_label>
                        </Format>
                    </QueryColumn>
                    <QueryColumn>
                        <Name>neto</Name>
                        <TableName>presupuestoscli</TableName>
                        <ColumnName>neto</ColumnName>
                        <ColumnType>char</ColumnType>
                        <ColumnLength>30</ColumnLength>
                        <Format>
                            <column_display>hide</column_display>
                            <content_type>plain</content_type>
                            <ColumnStartPDF/>
                            <justify>left</justify>
                            <ColumnWidthPDF/>
                            <ColumnWidthHTML/>
                            <column_title>Sumas del Presupuesto:</column_title>
                            <tooltip/>
                            <group_header_label>0</group_header_label>
                            <group_header_label_xpos/>
                            <group_header_data_xpos/>
                            <group_trailer_label>0</group_trailer_label>
                        </Format>
                    </QueryColumn>
                    <QueryColumn>
                        <Name>total</Name>
                        <TableName>presupuestoscli</TableName>
                        <ColumnName>total</ColumnName>
                        <ColumnType>char</ColumnType>
                        <ColumnLength>30</ColumnLength>
                        <Format>
                            <column_display>hide</column_display>
                            <content_type>plain</content_type>
                            <ColumnStartPDF/>
                            <justify>left</justify>
                            <ColumnWidthPDF/>
                            <ColumnWidthHTML/>
                            <column_title>Total:</column_title>
                            <tooltip/>
                            <group_header_label>0</group_header_label>
                            <group_header_label_xpos/>
                            <group_header_data_xpos/>
                            <group_trailer_label>0</group_trailer_label>
                        </Format>
                    </QueryColumn>
                    <QueryColumn>
                        <Name>totaliva</Name>
                        <TableName>presupuestoscli</TableName>
                        <ColumnName>totaliva</ColumnName>
                        <ColumnType>char</ColumnType>
                        <ColumnLength>30</ColumnLength>
                        <Format>
                            <column_display>hide</column_display>
                            <content_type>plain</content_type>
                            <ColumnStartPDF/>
                            <justify>left</justify>
                            <ColumnWidthPDF/>
                            <ColumnWidthHTML/>
                            <column_title>Total Impuestos</column_title>
                            <tooltip/>
                            <group_header_label>0</group_header_label>
                            <group_header_label_xpos/>
                            <group_header_data_xpos/>
                            <group_trailer_label>0</group_trailer_label>
                        </Format>
                    </QueryColumn>
                    <QueryColumn>
                        <Name>provincia</Name>
                        <TableName>presupuestoscli</TableName>
                        <ColumnName>provincia</ColumnName>
                        <ColumnType>char</ColumnType>
                        <ColumnLength>30</ColumnLength>
                        <Format>
                            <column_display>hide</column_display>
                            <content_type>plain</content_type>
                            <ColumnStartPDF/>
                            <justify>left</justify>
                            <ColumnWidthPDF/>
                            <ColumnWidthHTML/>
                            <column_title>Provincia:</column_title>
                            <tooltip/>
                            <group_header_label>0</group_header_label>
                            <group_header_label_xpos/>
                            <group_header_data_xpos/>
                            <group_trailer_label>0</group_trailer_label>
                        </Format>
                    </QueryColumn>
                    <QueryColumn>
                        <Name>codigo</Name>
                        <TableName>presupuestoscli</TableName>
                        <ColumnName>codigo</ColumnName>
                        <ColumnType>char</ColumnType>
                        <ColumnLength>30</ColumnLength>
                        <Format>
                            <column_display>hide</column_display>
                            <content_type>plain</content_type>
                            <ColumnStartPDF/>
                            <justify>left</justify>
                            <ColumnWidthPDF/>
                            <ColumnWidthHTML/>
                            <column_title>Número de Pedido:</column_title>
                            <tooltip/>
                            <group_header_label>0</group_header_label>
                            <group_header_label_xpos/>
                            <group_header_data_xpos/>
                            <group_trailer_label>0</group_trailer_label>
                        </Format>
                    </QueryColumn>
                    <QueryColumn>
                        <Name>observaciones</Name>
                        <TableName>presupuestoscli</TableName>
                        <ColumnName>observaciones</ColumnName>
                        <ColumnType>char</ColumnType>
                        <ColumnLength>30</ColumnLength>
                        <Format>
                            <column_display>hide</column_display>
                            <content_type>plain</content_type>
                            <ColumnStartPDF/>
                            <justify>left</justify>
                            <ColumnWidthPDF/>
                            <ColumnWidthHTML/>
                            <column_title>Observaciones:</column_title>
                            <tooltip/>
                            <group_header_label>0</group_header_label>
                            <group_header_label_xpos/>
                            <group_header_data_xpos/>
                            <group_trailer_label>0</group_trailer_label>
                        </Format>
                    </QueryColumn>
                    <QueryColumn>
                        <Name>pvptotal</Name>
                        <TableName>lineaspresupuestoscli</TableName>
                        <ColumnName>pvptotal</ColumnName>
                        <ColumnType>char</ColumnType>
                        <ColumnLength>30</ColumnLength>
                        <Format>
                            <column_display>hide</column_display>
                            <content_type>plain</content_type>
                            <ColumnStartPDF/>
                            <justify>left</justify>
                            <ColumnWidthPDF/>
                            <ColumnWidthHTML/>
                            <column_title>PVP Total:</column_title>
                            <tooltip/>
                            <group_header_label>0</group_header_label>
                            <group_header_label_xpos/>
                            <group_header_data_xpos/>
                            <group_trailer_label>0</group_trailer_label>
                        </Format>
                    </QueryColumn>
                    <QueryColumn>
                        <Name>descripcion</Name>
                        <TableName>lineaspresupuestoscli</TableName>
                        <ColumnName>descripcion</ColumnName>
                        <ColumnType>char</ColumnType>
                        <ColumnLength>30</ColumnLength>
                        <Format>
                            <column_display>show</column_display>
                            <content_type>plain</content_type>
                            <ColumnStartPDF/>
                            <justify>left</justify>
                            <ColumnWidthPDF/>
                            <ColumnWidthHTML/>
                            <column_title>Descripción</column_title>
                            <tooltip/>
                            <group_header_label>0</group_header_label>
                            <group_header_label_xpos/>
                            <group_header_data_xpos/>
                            <group_trailer_label>0</group_trailer_label>
                        </Format>
                    </QueryColumn>
                    <QueryColumn>
                        <Name>telefono1</Name>
                        <TableName>clientes</TableName>
                        <ColumnName>telefono1</ColumnName>
                        <ColumnType>char</ColumnType>
                        <ColumnLength>30</ColumnLength>
                        <Format>
                            <column_display>hide</column_display>
                            <content_type>plain</content_type>
                            <ColumnStartPDF/>
                            <justify>left</justify>
                            <ColumnWidthPDF/>
                            <ColumnWidthHTML/>
                            <column_title>Teléfonos:</column_title>
                            <tooltip/>
                            <group_header_label>0</group_header_label>
                            <group_header_label_xpos/>
                            <group_header_data_xpos/>
                            <group_trailer_label>0</group_trailer_label>
                        </Format>
                    </QueryColumn>
                    <QueryColumn>
                        <Name>telefono2</Name>
                        <TableName>clientes</TableName>
                        <ColumnName>telefono2</ColumnName>
                        <ColumnType>char</ColumnType>
                        <ColumnLength>30</ColumnLength>
                        <Format>
                            <column_display>hide</column_display>
                            <content_type>plain</content_type>
                            <ColumnStartPDF/>
                            <justify>left</justify>
                            <ColumnWidthPDF/>
                            <ColumnWidthHTML/>
                            <column_title/>
                            <tooltip/>
                            <group_header_label>0</group_header_label>
                            <group_header_label_xpos/>
                            <group_header_data_xpos/>
                            <group_trailer_label>0</group_trailer_label>
                        </Format>
                    </QueryColumn>
                    <QueryColumn>
                        <Name>pvp</Name>
                        <TableName/>
                        <ColumnName>( CASE lineaspresupuestoscli.mostrar_precio WHEN true THEN
                            lineaspresupuestoscli.pvptotal END)
                        </ColumnName>
                        <ColumnType>char</ColumnType>
                        <ColumnLength>30</ColumnLength>
                        <Format>
                            <column_display>show</column_display>
                            <content_type>plain</content_type>
                            <ColumnStartPDF/>
                            <justify>right</justify>
                            <ColumnWidthPDF>11%</ColumnWidthPDF>
                            <ColumnWidthHTML/>
                            <column_title>Importe</column_title>
                            <tooltip/>
                            <group_header_label>0</group_header_label>
                            <group_header_label_xpos/>
                            <group_header_data_xpos/>
                            <group_trailer_label>0</group_trailer_label>
                        </Format>
                    </QueryColumn>
                    <QueryColumn>
                        <Name>cant</Name>
                        <TableName/>
                        <ColumnName>( CASE lineaspresupuestoscli.mostrar_cantidad WHEN true THEN
                            lineaspresupuestoscli.cantidad END)
                        </ColumnName>
                        <ColumnType>char</ColumnType>
                        <ColumnLength>30</ColumnLength>
                        <Format>
                            <column_display>show</column_display>
                            <content_type>plain</content_type>
                            <ColumnStartPDF/>
                            <justify>right</justify>
                            <ColumnWidthPDF>9%</ColumnWidthPDF>
                            <ColumnWidthHTML/>
                            <column_title>Cant.</column_title>
                            <tooltip/>
                            <group_header_label>0</group_header_label>
                            <group_header_label_xpos/>
                            <group_header_data_xpos/>
                            <group_trailer_label>0</group_trailer_label>
                        </Format>
                    </QueryColumn>
                    <QueryColumn>
                        <Name>ivalinea</Name>
                        <TableName/>
                        <ColumnName>( CASE lineaspresupuestoscli.mostrar_precio WHEN true THEN lineaspresupuestoscli.iva
                            END)
                        </ColumnName>
                        <ColumnType>char</ColumnType>
                        <ColumnLength>30</ColumnLength>
                        <Format>
                            <column_display>show</column_display>
                            <content_type>plain</content_type>
                            <ColumnStartPDF/>
                            <justify>right</justify>
                            <ColumnWidthPDF>7%</ColumnWidthPDF>
                            <ColumnWidthHTML/>
                            <column_title>%IVA</column_title>
                            <tooltip/>
                            <group_header_label>0</group_header_label>
                            <group_header_label_xpos/>
                            <group_header_data_xpos/>
                            <group_trailer_label>0</group_trailer_label>
                        </Format>
                    </QueryColumn>
                    <QueryColumn>
                        <Name>impuestos</Name>
                        <TableName/>
                        <ColumnName>( CASE lineaspresupuestoscli.mostrar_precio WHEN true THEN
                            (lineaspresupuestoscli.pvptotal*lineaspresupuestoscli.iva/100) END)
                        </ColumnName>
                        <ColumnType>char</ColumnType>
                        <ColumnLength>30</ColumnLength>
                        <Format>
                            <column_display>hide</column_display>
                            <content_type>plain</content_type>
                            <ColumnStartPDF/>
                            <justify>left</justify>
                            <ColumnWidthPDF/>
                            <ColumnWidthHTML/>
                            <column_title>Impuestos</column_title>
                            <tooltip/>
                            <group_header_label>0</group_header_label>
                            <group_header_label_xpos/>
                            <group_header_data_xpos/>
                            <group_trailer_label>0</group_trailer_label>
                        </Format>
                    </QueryColumn>
                    <QueryColumn>
                        <Name>totallinea</Name>
                        <TableName/>
                        <ColumnName>( CASE lineaspresupuestoscli.mostrar_precio WHEN true THEN
                            (lineaspresupuestoscli.pvptotal+(lineaspresupuestoscli.pvptotal*lineaspresupuestoscli.iva/100))
                            END)
                        </ColumnName>
                        <ColumnType>char</ColumnType>
                        <ColumnLength>30</ColumnLength>
                        <Format>
                            <column_display>hide</column_display>
                            <content_type>plain</content_type>
                            <ColumnStartPDF/>
                            <justify>left</justify>
                            <ColumnWidthPDF/>
                            <ColumnWidthHTML/>
                            <column_title>PVP Total</column_title>
                            <tooltip/>
                            <group_header_label>0</group_header_label>
                            <group_header_label_xpos/>
                            <group_header_data_xpos/>
                            <group_trailer_label>0</group_trailer_label>
                        </Format>
                    </QueryColumn>
                    <QueryColumn>
                        <Name>codpago</Name>
                        <TableName>formaspago</TableName>
                        <ColumnName>codpago</ColumnName>
                        <ColumnType>char</ColumnType>
                        <ColumnLength>30</ColumnLength>
                        <Format>
                            <column_display>hide</column_display>
                            <content_type>plain</content_type>
                            <ColumnStartPDF/>
                            <justify>left</justify>
                            <ColumnWidthPDF/>
                            <ColumnWidthHTML/>
                            <column_title>Forma de pago:</column_title>
                            <tooltip/>
                            <group_header_label>0</group_header_label>
                            <group_header_label_xpos/>
                            <group_header_data_xpos/>
                            <group_trailer_label>0</group_trailer_label>
                        </Format>
                    </QueryColumn>
                    <QueryColumn>
                        <Name>Inilinea</Name>
                        <TableName/>
                        <ColumnName/>
                        <ColumnType/>
                        <ColumnLength/>
                        <Format>
                            <column_display>show</column_display>
                            <content_type>plain</content_type>
                            <ColumnStartPDF/>
                            <justify>center</justify>
                            <ColumnWidthPDF>2%</ColumnWidthPDF>
                            <ColumnWidthHTML/>
                            <column_title>•</column_title>
                            <tooltip/>
                            <group_header_label>0</group_header_label>
                            <group_header_label_xpos/>
                            <group_header_data_xpos/>
                            <group_trailer_label>0</group_trailer_label>
                        </Format>
                    </QueryColumn>
                    <QueryColumn>
                        <Name>codagente</Name>
                        <TableName>agentes</TableName>
                        <ColumnName>codagente</ColumnName>
                        <ColumnType>char</ColumnType>
                        <ColumnLength>30</ColumnLength>
                        <Format>
                            <column_display>hide</column_display>
                            <content_type>plain</content_type>
                            <ColumnStartPDF/>
                            <justify>left</justify>
                            <ColumnWidthPDF/>
                            <ColumnWidthHTML/>
                            <column_title/>
                            <tooltip/>
                            <group_header_label>0</group_header_label>
                            <group_header_label_xpos/>
                            <group_header_data_xpos/>
                            <group_trailer_label>0</group_trailer_label>
                        </Format>
                    </QueryColumn>
                    <QueryColumn>
                        <Name>descfpago</Name>
                        <TableName>formaspago</TableName>
                        <ColumnName>descripcion</ColumnName>
                        <ColumnType>char</ColumnType>
                        <ColumnLength>30</ColumnLength>
                        <Format>
                            <column_display>hide</column_display>
                            <content_type>plain</content_type>
                            <ColumnStartPDF/>
                            <justify>left</justify>
                            <ColumnWidthPDF/>
                            <ColumnWidthHTML/>
                            <column_title>Forma de Pago:</column_title>
                            <tooltip/>
                            <group_header_label>0</group_header_label>
                            <group_header_label_xpos/>
                            <group_header_data_xpos/>
                            <group_trailer_label>0</group_trailer_label>
                        </Format>
                    </QueryColumn>
                    <QueryColumn>
                        <Name>idemp</Name>
                        <TableName>empresa</TableName>
                        <ColumnName>id</ColumnName>
                        <ColumnType>char</ColumnType>
                        <ColumnLength>30</ColumnLength>
                        <Format>
                            <column_display>hide</column_display>
                            <content_type>plain</content_type>
                            <ColumnStartPDF/>
                            <justify>left</justify>
                            <ColumnWidthPDF/>
                            <ColumnWidthHTML/>
                            <column_title/>
                            <tooltip/>
                            <group_header_label>0</group_header_label>
                            <group_header_label_xpos/>
                            <group_header_data_xpos/>
                            <group_trailer_label>0</group_trailer_label>
                        </Format>
                    </QueryColumn>
                    <QueryColumn>
                        <Name>diremp</Name>
                        <TableName>empresa</TableName>
                        <ColumnName>direccion</ColumnName>
                        <ColumnType>char</ColumnType>
                        <ColumnLength>30</ColumnLength>
                        <Format>
                            <column_display>hide</column_display>
                            <content_type>plain</content_type>
                            <ColumnStartPDF/>
                            <justify>left</justify>
                            <ColumnWidthPDF/>
                            <ColumnWidthHTML/>
                            <column_title/>
                            <tooltip/>
                            <group_header_label>0</group_header_label>
                            <group_header_label_xpos/>
                            <group_header_data_xpos/>
                            <group_trailer_label>0</group_trailer_label>
                        </Format>
                    </QueryColumn>
                    <QueryColumn>
                        <Name>cpemp</Name>
                        <TableName>empresa</TableName>
                        <ColumnName>codpostal</ColumnName>
                        <ColumnType>char</ColumnType>
                        <ColumnLength>30</ColumnLength>
                        <Format>
                            <column_display>hide</column_display>
                            <content_type>plain</content_type>
                            <ColumnStartPDF/>
                            <justify>left</justify>
                            <ColumnWidthPDF/>
                            <ColumnWidthHTML/>
                            <column_title/>
                            <tooltip/>
                            <group_header_label>0</group_header_label>
                            <group_header_label_xpos/>
                            <group_header_data_xpos/>
                            <group_trailer_label>0</group_trailer_label>
                        </Format>
                    </QueryColumn>
                    <QueryColumn>
                        <Name>poblemp</Name>
                        <TableName>empresa</TableName>
                        <ColumnName>ciudad</ColumnName>
                        <ColumnType>char</ColumnType>
                        <ColumnLength>30</ColumnLength>
                        <Format>
                            <column_display>hide</column_display>
                            <content_type>plain</content_type>
                            <ColumnStartPDF/>
                            <justify>left</justify>
                            <ColumnWidthPDF/>
                            <ColumnWidthHTML/>
                            <column_title/>
                            <tooltip/>
                            <group_header_label>0</group_header_label>
                            <group_header_label_xpos/>
                            <group_header_data_xpos/>
                            <group_trailer_label>0</group_trailer_label>
                        </Format>
                    </QueryColumn>
                    <QueryColumn>
                        <Name>telemp</Name>
                        <TableName>empresa</TableName>
                        <ColumnName>telefono</ColumnName>
                        <ColumnType>char</ColumnType>
                        <ColumnLength>30</ColumnLength>
                        <Format>
                            <column_display>hide</column_display>
                            <content_type>plain</content_type>
                            <ColumnStartPDF/>
                            <justify>left</justify>
                            <ColumnWidthPDF/>
                            <ColumnWidthHTML/>
                            <column_title/>
                            <tooltip/>
                            <group_header_label>0</group_header_label>
                            <group_header_label_xpos/>
                            <group_header_data_xpos/>
                            <group_trailer_label>0</group_trailer_label>
                        </Format>
                    </QueryColumn>
                    <QueryColumn>
                        <Name>webemp</Name>
                        <TableName>empresa</TableName>
                        <ColumnName>web</ColumnName>
                        <ColumnType>char</ColumnType>
                        <ColumnLength>30</ColumnLength>
                        <Format>
                            <column_display>hide</column_display>
                            <content_type>plain</content_type>
                            <ColumnStartPDF/>
                            <justify>left</justify>
                            <ColumnWidthPDF/>
                            <ColumnWidthHTML/>
                            <column_title/>
                            <tooltip/>
                            <group_header_label>0</group_header_label>
                            <group_header_label_xpos/>
                            <group_header_data_xpos/>
                            <group_trailer_label>0</group_trailer_label>
                        </Format>
                    </QueryColumn>
                    <QueryColumn>
                        <Name>piefacemp</Name>
                        <TableName>empresa</TableName>
                        <ColumnName>pie_factura</ColumnName>
                        <ColumnType>char</ColumnType>
                        <ColumnLength>30</ColumnLength>
                        <Format>
                            <column_display>hide</column_display>
                            <content_type>plain</content_type>
                            <ColumnStartPDF/>
                            <justify>left</justify>
                            <ColumnWidthPDF/>
                            <ColumnWidthHTML/>
                            <column_title/>
                            <tooltip/>
                            <group_header_label>0</group_header_label>
                            <group_header_label_xpos/>
                            <group_header_data_xpos/>
                            <group_trailer_label>0</group_trailer_label>
                        </Format>
                    </QueryColumn>
                    <QueryColumn>
                        <Name>agnom</Name>
                        <TableName>agentes</TableName>
                        <ColumnName>nombre</ColumnName>
                        <ColumnType>char</ColumnType>
                        <ColumnLength>30</ColumnLength>
                        <Format>
                            <column_display>hide</column_display>
                            <content_type>plain</content_type>
                            <ColumnStartPDF/>
                            <justify>left</justify>
                            <ColumnWidthPDF/>
                            <ColumnWidthHTML/>
                            <column_title/>
                            <tooltip/>
                            <group_header_label>0</group_header_label>
                            <group_header_label_xpos/>
                            <group_header_data_xpos/>
                            <group_trailer_label>0</group_trailer_label>
                        </Format>
                    </QueryColumn>
                    <QueryColumn>
                        <Name>agmail</Name>
                        <TableName>fs_users</TableName>
                        <ColumnName>email</ColumnName>
                        <ColumnType>char</ColumnType>
                        <ColumnLength>30</ColumnLength>
                        <Format>
                            <column_display>hide</column_display>
                            <content_type>plain</content_type>
                            <ColumnStartPDF/>
                            <justify>left</justify>
                            <ColumnWidthPDF/>
                            <ColumnWidthHTML/>
                            <column_title/>
                            <tooltip/>
                            <group_header_label>0</group_header_label>
                            <group_header_label_xpos/>
                            <group_header_data_xpos/>
                            <group_trailer_label>0</group_trailer_label>
                        </Format>
                    </QueryColumn>
                </QueryColumns>
                <OrderColumns/>
                <PreSQLS/>
            </Query>
            <Assignments>
                <Assignment>
                    <AssignName>cant</AssignName>
                    <AssignNameNew/>
                    <Expression>number_format(({cant}),2,',','.');</Expression>
                    <Condition>{cant}!=false</Condition>
                </Assignment>
                <Assignment>
                    <AssignName>pvp</AssignName>
                    <AssignNameNew/>
                    <Expression>number_format(({pvp}),2,',','.')</Expression>
                    <Condition>{pvp}!=false</Condition>
                </Assignment>
                <Assignment>
                    <AssignName>impuestos</AssignName>
                    <AssignNameNew/>
                    <Expression>number_format(({impuestos}),2,',','.')</Expression>
                    <Condition>{impuestos}!=false</Condition>
                </Assignment>
                <Assignment>
                    <AssignName>totallinea</AssignName>
                    <AssignNameNew/>
                    <Expression>number_format(({totallinea}),2,',','.')</Expression>
                    <Condition>{totallinea}!=false</Condition>
                </Assignment>
                <Assignment>
                    <AssignName>neto</AssignName>
                    <AssignNameNew/>
                    <Expression>&quot;\nNeto: &quot;.number_format(({neto}),2,',','.').&quot;€&quot;.&quot; IVA: &quot;.number_format(({totaliva}),2,',','.').&quot;€&quot;.&quot;
                        Total: &quot;.number_format(({total}),2,',','.').&quot;€&quot;
                    </Expression>
                    <Condition/>
                </Assignment>
                <Assignment>
                    <AssignName>Inilinea</AssignName>
                    <AssignNameNew/>
                    <Expression>&quot;•&quot;</Expression>
                    <Condition/>
                </Assignment>
                <Assignment>
                    <AssignName>descripcion</AssignName>
                    <AssignNameNew/>
                    <Expression>apply_style('ALLCELLS', 'padding', '0 0 5 0');</Expression>
                    <Condition/>
                </Assignment>
                <Assignment>
                    <AssignName>numero2</AssignName>
                    <AssignNameNew/>
                    <Expression>{numero2}.' '</Expression>
                    <Condition/>
                </Assignment>
                <Assignment>
                    <AssignName>agnom</AssignName>
                    <AssignNameNew/>
                    <Expression>&quot;Le atendió: &quot;.{agnom}.&quot; (&quot;.{agmail}.&quot;) &quot;.{telemp}.&quot;
                        &quot;.{diremp}.&quot; &quot;.{cpemp}.&quot; - &quot;.{poblemp}
                    </Expression>
                    <Condition/>
                </Assignment>
                <Assignment>
                    <AssignName>telefono1</AssignName>
                    <AssignNameNew/>
                    <Expression>{telefono1}.&quot; - &quot;.{telefono2}</Expression>
                    <Condition/>
                </Assignment>
            </Assignments>
            <Criteria>
                <CriteriaItem>
                    <Name>idpresupuesto</Name>
                    <Title>ID de Presupuesto:</Title>
                    <QueryTableName/>
                    <QueryColumnName>presupuestoscli.idpresupuesto</QueryColumnName>
                    <CriteriaType>LOOKUP</CriteriaType>
                    <CriteriaDisplay>NOINPUT</CriteriaDisplay>
                    <ExpandDisplay>NOINPUT</ExpandDisplay>
                    <ReturnColumn>idpresupuesto</ReturnColumn>
                    <DisplayColumn>codigo</DisplayColumn>
                    <OverviewColumn>idpresupuesto</OverviewColumn>
                    <MatchColumn>codigo</MatchColumn>
                    <CriteriaDefaults/>
                    <CriteriaList/>
                    <Query>
                        <TableSql/>
                        <WhereSql/>
                        <GroupSql/>
                        <RowSelection/>
                        <SQLRaw>SELECT presupuestoscli.idpresupuesto,presupuestoscli.codigo
                            FROM presupuestoscli
                            [WHERE presupuestoscli.idpresupuesto={idpresupuesto,VALUE}]
                            ORDER BY presupuestoscli.idpresupuesto ASC
                        </SQLRaw>
                        <SQL>
                            <QuerySql/>
                        </SQL>
                        <QueryColumns>
                            <QueryColumn>
                                <Name>idpresupuesto</Name>
                                <TableName>presupuestoscli</TableName>
                                <ColumnName>idpresupuesto</ColumnName>
                                <ColumnType>char</ColumnType>
                                <ColumnLength>30</ColumnLength>
                                <Format>
                                    <column_display>show</column_display>
                                    <content_type>plain</content_type>
                                    <justify>left</justify>
                                </Format>
                            </QueryColumn>
                            <QueryColumn>
                                <Name>codigo</Name>
                                <TableName>presupuestoscli</TableName>
                                <ColumnName>codigo</ColumnName>
                                <ColumnType>char</ColumnType>
                                <ColumnLength>30</ColumnLength>
                                <Format>
                                    <column_display>show</column_display>
                                    <content_type>plain</content_type>
                                    <justify>left</justify>
                                </Format>
                            </QueryColumn>
                        </QueryColumns>
                        <OrderColumns/>
                        <Assignments/>
                    </Query>
                    <CriteriaLinks/>
                </CriteriaItem>
            </Criteria>
            <Output>
                <PageHeaders>
                    <PageHeader>
                        <LineNumber>1</LineNumber>
                        <HeaderText>Presupuesto Número: {codigo}{STYLE border-width: 1 0 1 0; margin: 15px 0px 0px 0px; border-color: #d1d4d7; font-size: 16; border-style: solid;padding:5px 0px 5px 0px; height:1cm; background-color: #d1d4d7; color: #fffff; text-align: center}</HeaderText>
                        <Format>
                            <ColumnStartPDF/>
                            <justify>center</justify>
                            <ColumnWidthPDF/>
                            <ShowInPDF>yes</ShowInPDF>
                            <ShowInHTML>no</ShowInHTML>
                        </Format>
                    </PageHeader>
                    <PageHeader>
                        <LineNumber>1</LineNumber>
                        <HeaderText>{poblemp}, date('d-m-Y H:i:s') Página: {PAGE}{STYLE font-size:10pt;}</HeaderText>
                        <Format>
                            <ColumnStartPDF/>
                            <justify>right</justify>
                            <ColumnWidthPDF/>
                            <ShowInPDF>yes</ShowInPDF>
                            <ShowInHTML>no</ShowInHTML>
                        </Format>
                    </PageHeader>
                    <PageHeader>
                        <LineNumber>3</LineNumber>
                        <HeaderText>{numero2}{STYLE border-width: 1 0 1 0; margin: 15px 0px 0px 0px; border-color: #d1d4d7; font-size: 10; border-style: solid;padding:5px 0px 5px 0px; height:1cm; background-color: #d1d4d7; color: #fffff; text-align: center}</HeaderText>
                        <Format>
                            <ColumnStartPDF/>
                            <justify>center</justify>
                            <ColumnWidthPDF/>
                            <ShowInPDF>yes</ShowInPDF>
                            <ShowInHTML>no</ShowInHTML>
                        </Format>
                    </PageHeader>
                </PageHeaders>
                <PageFooters>
                    <PageFooter>
                        <LineNumber>2</LineNumber>
                        <FooterText>{agnom}{STYLE border-width: 1 0 0 0; margin: 40 0 0 0; font-style: italic; font-size: 9}</FooterText>
                        <Format>
                            <ColumnStartPDF/>
                            <justify>center</justify>
                            <ColumnWidthPDF/>
                            <ShowInPDF>yes</ShowInPDF>
                            <ShowInHTML>yes</ShowInHTML>
                        </Format>
                    </PageFooter>
                </PageFooters>
                <DisplayOrders>
                    <DisplayOrder>
                        <ColumnName>idpresupuesto</ColumnName>
                        <OrderNumber>1</OrderNumber>
                    </DisplayOrder>
                    <DisplayOrder>
                        <ColumnName>codcliente</ColumnName>
                        <OrderNumber>2</OrderNumber>
                    </DisplayOrder>
                    <DisplayOrder>
                        <ColumnName>nombrecliente</ColumnName>
                        <OrderNumber>3</OrderNumber>
                    </DisplayOrder>
                    <DisplayOrder>
                        <ColumnName>direccion</ColumnName>
                        <OrderNumber>4</OrderNumber>
                    </DisplayOrder>
                    <DisplayOrder>
                        <ColumnName>ciudad</ColumnName>
                        <OrderNumber>5</OrderNumber>
                    </DisplayOrder>
                    <DisplayOrder>
                        <ColumnName>numero2</ColumnName>
                        <OrderNumber>6</OrderNumber>
                    </DisplayOrder>
                    <DisplayOrder>
                        <ColumnName>cifnif</ColumnName>
                        <OrderNumber>7</OrderNumber>
                    </DisplayOrder>
                    <DisplayOrder>
                        <ColumnName>total</ColumnName>
                        <OrderNumber>8</OrderNumber>
                    </DisplayOrder>
                    <DisplayOrder>
                        <ColumnName>totaliva</ColumnName>
                        <OrderNumber>9</OrderNumber>
                    </DisplayOrder>
                    <DisplayOrder>
                        <ColumnName>provincia</ColumnName>
                        <OrderNumber>10</OrderNumber>
                    </DisplayOrder>
                    <DisplayOrder>
                        <ColumnName>codigo</ColumnName>
                        <OrderNumber>11</OrderNumber>
                    </DisplayOrder>
                    <DisplayOrder>
                        <ColumnName>pvptotal</ColumnName>
                        <OrderNumber>12</OrderNumber>
                    </DisplayOrder>
                    <DisplayOrder>
                        <ColumnName>ivalinea</ColumnName>
                        <OrderNumber>13</OrderNumber>
                    </DisplayOrder>
                    <DisplayOrder>
                        <ColumnName>pvp</ColumnName>
                        <OrderNumber>14</OrderNumber>
                    </DisplayOrder>
                    <DisplayOrder>
                        <ColumnName>cant</ColumnName>
                        <OrderNumber>15</OrderNumber>
                    </DisplayOrder>
                    <DisplayOrder>
                        <ColumnName>impuestos</ColumnName>
                        <OrderNumber>16</OrderNumber>
                    </DisplayOrder>
                    <DisplayOrder>
                        <ColumnName>Inilinea</ColumnName>
                        <OrderNumber>17</OrderNumber>
                    </DisplayOrder>
                    <DisplayOrder>
                        <ColumnName>totallinea</ColumnName>
                        <OrderNumber>18</OrderNumber>
                    </DisplayOrder>
                    <DisplayOrder>
                        <ColumnName>descripcion</ColumnName>
                        <OrderNumber>19</OrderNumber>
                    </DisplayOrder>
                    <DisplayOrder>
                        <ColumnName>telefono1</ColumnName>
                        <OrderNumber>20</OrderNumber>
                    </DisplayOrder>
                    <DisplayOrder>
                        <ColumnName>telefono2</ColumnName>
                        <OrderNumber>21</OrderNumber>
                    </DisplayOrder>
                    <DisplayOrder>
                        <ColumnName>codpago</ColumnName>
                        <OrderNumber>22</OrderNumber>
                    </DisplayOrder>
                    <DisplayOrder>
                        <ColumnName>neto</ColumnName>
                        <OrderNumber>23</OrderNumber>
                    </DisplayOrder>
                    <DisplayOrder>
                        <ColumnName>observaciones</ColumnName>
                        <OrderNumber>24</OrderNumber>
                    </DisplayOrder>
                    <DisplayOrder>
                        <ColumnName>descfpago</ColumnName>
                        <OrderNumber>25</OrderNumber>
                    </DisplayOrder>
                    <DisplayOrder>
                        <ColumnName>idemp</ColumnName>
                        <OrderNumber>26</OrderNumber>
                    </DisplayOrder>
                    <DisplayOrder>
                        <ColumnName>diremp</ColumnName>
                        <OrderNumber>27</OrderNumber>
                    </DisplayOrder>
                    <DisplayOrder>
                        <ColumnName>cpemp</ColumnName>
                        <OrderNumber>28</OrderNumber>
                    </DisplayOrder>
                    <DisplayOrder>
                        <ColumnName>poblemp</ColumnName>
                        <OrderNumber>29</OrderNumber>
                    </DisplayOrder>
                    <DisplayOrder>
                        <ColumnName>telemp</ColumnName>
                        <OrderNumber>30</OrderNumber>
                    </DisplayOrder>
                    <DisplayOrder>
                        <ColumnName>webemp</ColumnName>
                        <OrderNumber>31</OrderNumber>
                    </DisplayOrder>
                    <DisplayOrder>
                        <ColumnName>piefacemp</ColumnName>
                        <OrderNumber>32</OrderNumber>
                    </DisplayOrder>
                    <DisplayOrder>
                        <ColumnName>codagente</ColumnName>
                        <OrderNumber>33</OrderNumber>
                    </DisplayOrder>
                    <DisplayOrder>
                        <ColumnName>agnom</ColumnName>
                        <OrderNumber>34</OrderNumber>
                    </DisplayOrder>
                    <DisplayOrder>
                        <ColumnName>agmail</ColumnName>
                        <OrderNumber>35</OrderNumber>
                    </DisplayOrder>
                </DisplayOrders>
                <Groups>
                    <Group>
                        <GroupName>codcliente</GroupName>
                        <BeforeGroupHeader>newpage</BeforeGroupHeader>
                        <AfterGroupHeader>blankline</AfterGroupHeader>
                        <BeforeGroupTrailer>newpage</BeforeGroupTrailer>
                        <AfterGroupTrailer>blankline</AfterGroupTrailer>
                        <GroupHeaders>
                            <GroupHeader>
                                <GroupHeaderColumn>nombrecliente</GroupHeaderColumn>
                                <GroupHeaderCustom/>
                            </GroupHeader>
                            <GroupHeader>
                                <GroupHeaderColumn>direccion</GroupHeaderColumn>
                                <GroupHeaderCustom/>
                            </GroupHeader>
                            <GroupHeader>
                                <GroupHeaderColumn>ciudad</GroupHeaderColumn>
                                <GroupHeaderCustom/>
                            </GroupHeader>
                            <GroupHeader>
                                <GroupHeaderColumn>cifnif</GroupHeaderColumn>
                                <GroupHeaderCustom/>
                            </GroupHeader>
                            <GroupHeader>
                                <GroupHeaderColumn>telefono1</GroupHeaderColumn>
                                <GroupHeaderCustom/>
                            </GroupHeader>
                        </GroupHeaders>
                        <GroupTrailers>
                            <GroupTrailer>
                                <GroupTrailerDisplayColumn>descripcion</GroupTrailerDisplayColumn>
                                <GroupTrailerValueColumn>neto</GroupTrailerValueColumn>
                                <GroupTrailerCustom>Importes Totales del Presupuesto: {codigo}<br><br>{neto}<br><br><br>{observaciones}<br><br><br>***NOTA:
                                    Si en el transcurso de la obra se produjeran daños en tabiques al colocar cajetines
                                    o hacer regatas, etc, estos serán reparados con yeso o mortero y repasado con
                                    pintura similar a la existente.

                                    Los trabajos que no estén especificados en este presupuesto, no estarán incluidos en
                                    el precio.

                                    CUALQUIER CAMBIO POSTERIOR A LA FIRMA DE ESTE PRESUPUESTO, DEBERA CONTAR CON LA
                                    APROBACION DE AMBAS PARTES.

                                    Será responsabilidad y por cuenta del cliente la tramitación y obtención de
                                    cualquier permiso necesario para la realización de los trabajos aquí presupuestados
                                    (ya sea de caracter local, de comunidad de vecinos o de cualquier otro).

                                    En cumplimiento de la Ley Orgánica 15/1999, de 13 de diciembre, de Protección de
                                    Datos de Carácter Personal, le informamos que los datos personales que nos
                                    suministre serán tratados de orma confidencial y pasarán a formar parte de un
                                    fichero titularidad de reformes PREBAC,s.a. Sus datos personales Serán utilizados
                                    únicamente para la prestación de los servicios ofrecidos. Así mismo, le informamos
                                    que puede ejercitar sus derechos de acceso, rectificación, cancelación y oposición,
                                    enviando una carta junto con la fotocopia de su DNI, a la siguiente dirección:
                                    reformesPREBAC,s.a. Calle Diputación, nº 468 Local Izda., 08013 BARCELONA..{STYLE
                                    margin:0 5 0 5;}
                                </GroupTrailerCustom>
                            </GroupTrailer>
                        </GroupTrailers>
                    </Group>
                </Groups>
                <Graphs/>
            </Output>
        </EntryForm>
    </ReportQuery>
</Report>