<?xml version="1.0"?>
<Report>
    <ReportQuery>
        <Format>
            <ReportTitle>COMPRAS - Listado de Proveedores agrupados por Serie de Facturación</ReportTitle>
            <ReportDescription>Diseño de impresión para Listado de Proveedores agrupados por Serie de Facturación.
                &lt;br/&gt;
                &lt;b&gt;Incluye los campos:&lt;/b&gt; codproveedor,nombre, razonsocial, codserie.
                &lt;br/&gt;
                &lt;b&gt;Diseñado por:&lt;/b&gt; Jorge L. Almendros
            </ReportDescription>
            <PageSize>.DEFAULT</PageSize>
            <PageOrientation>.DEFAULT</PageOrientation>
            <TopMargin></TopMargin>
            <BottomMargin></BottomMargin>
            <RightMargin></RightMargin>
            <LeftMargin></LeftMargin>
            <pdfFont></pdfFont>
            <pdfFontSize></pdfFontSize>
            <PreExecuteCode>NONE</PreExecuteCode>
            <formBetweenRows>solidline</formBetweenRows>
            <gridDisplay>.DEFAULT</gridDisplay>
            <gridSortable>.DEFAULT</gridSortable>
            <gridSearchable>.DEFAULT</gridSearchable>
            <gridPageable>.DEFAULT</gridPageable>
            <gridPageSize>.DEFAULT</gridPageSize>
        </Format>
        <Datasource>
            <SourceType>database</SourceType>
            <SourceConnection>
                <DatabaseType>mysql</DatabaseType>
                <DatabaseName></DatabaseName>
                <HostName></HostName>
                <ServiceName></ServiceName>
                <UserName></UserName>
                <Password></Password>
            </SourceConnection>
        </Datasource>
        <EntryForm>
            <Query>
                <TableSql></TableSql>
                <WhereSql></WhereSql>
                <GroupSql></GroupSql>
                <RowSelection>all</RowSelection>
                <SQL>
                    <QuerySql></QuerySql>
                    <SQLRaw>SELECT
                        codproveedor, nombre, razonsocial, codserie
                        FROM proveedores
                        WHERE 1 = 1
                        ORDER BY codserie ASC, codproveedor ASC
                    </SQLRaw>
                </SQL>
                <QueryColumns>
                    <QueryColumn>
                        <Name>codproveedor</Name>
                        <TableName></TableName>
                        <ColumnName>codproveedor</ColumnName>
                        <ColumnType>char</ColumnType>
                        <ColumnLength>30</ColumnLength>
                        <Format>
                            <column_display>show</column_display>
                            <content_type>plain</content_type>
                            <ColumnStartPDF></ColumnStartPDF>
                            <justify>left</justify>
                            <ColumnWidthPDF>14%</ColumnWidthPDF>
                            <ColumnWidthHTML></ColumnWidthHTML>
                            <column_title>CodProvee.</column_title>
                            <tooltip></tooltip>
                            <group_header_label>0</group_header_label>
                            <group_header_label_xpos></group_header_label_xpos>
                            <group_header_data_xpos></group_header_data_xpos>
                            <group_trailer_label>0</group_trailer_label>
                        </Format>
                    </QueryColumn>
                    <QueryColumn>
                        <Name>nombre</Name>
                        <TableName></TableName>
                        <ColumnName>nombre</ColumnName>
                        <ColumnType>char</ColumnType>
                        <ColumnLength>30</ColumnLength>
                        <Format>
                            <column_display>show</column_display>
                            <content_type>plain</content_type>
                            <ColumnStartPDF></ColumnStartPDF>
                            <justify>left</justify>
                            <ColumnWidthPDF>20%</ColumnWidthPDF>
                            <ColumnWidthHTML></ColumnWidthHTML>
                            <column_title>Nombre</column_title>
                            <tooltip></tooltip>
                            <group_header_label>0</group_header_label>
                            <group_header_label_xpos></group_header_label_xpos>
                            <group_header_data_xpos></group_header_data_xpos>
                            <group_trailer_label>0</group_trailer_label>
                        </Format>
                    </QueryColumn>
                    <QueryColumn>
                        <Name>razonsocial</Name>
                        <TableName></TableName>
                        <ColumnName>razonsocial</ColumnName>
                        <ColumnType>char</ColumnType>
                        <ColumnLength>30</ColumnLength>
                        <Format>
                            <column_display>show</column_display>
                            <content_type>plain</content_type>
                            <ColumnStartPDF></ColumnStartPDF>
                            <justify>right</justify>
                            <ColumnWidthPDF>37%</ColumnWidthPDF>
                            <ColumnWidthHTML></ColumnWidthHTML>
                            <column_title>Razón Social</column_title>
                            <tooltip></tooltip>
                            <group_header_label>0</group_header_label>
                            <group_header_label_xpos></group_header_label_xpos>
                            <group_header_data_xpos></group_header_data_xpos>
                            <group_trailer_label>0</group_trailer_label>
                        </Format>
                    </QueryColumn>
                    <QueryColumn>
                        <Name>codserie</Name>
                        <TableName></TableName>
                        <ColumnName>codserie</ColumnName>
                        <ColumnType>char</ColumnType>
                        <ColumnLength>30</ColumnLength>
                        <Format>
                            <column_display>show</column_display>
                            <content_type>plain</content_type>
                            <ColumnStartPDF></ColumnStartPDF>
                            <justify>right</justify>
                            <ColumnWidthPDF>7%</ColumnWidthPDF>
                            <ColumnWidthHTML></ColumnWidthHTML>
                            <column_title>SerieFra</column_title>
                            <tooltip></tooltip>
                            <group_header_label>0</group_header_label>
                            <group_header_label_xpos></group_header_label_xpos>
                            <group_header_data_xpos></group_header_data_xpos>
                            <group_trailer_label>0</group_trailer_label>
                        </Format>
                    </QueryColumn>
                    <QueryColumn>
                        <Name>numproveeXserie</Name>
                        <TableName></TableName>
                        <ColumnName></ColumnName>
                        <ColumnType></ColumnType>
                        <ColumnLength></ColumnLength>
                        <Format>
                            <column_display>hide</column_display>
                            <content_type>plain</content_type>
                            <ColumnStartPDF></ColumnStartPDF>
                            <justify>right</justify>
                            <ColumnWidthPDF></ColumnWidthPDF>
                            <ColumnWidthHTML></ColumnWidthHTML>
                            <column_title>Número de Proveedores por Serie:</column_title>
                            <tooltip></tooltip>
                            <group_header_label>0</group_header_label>
                            <group_header_label_xpos></group_header_label_xpos>
                            <group_header_data_xpos></group_header_data_xpos>
                            <group_trailer_label>0</group_trailer_label>
                        </Format>
                    </QueryColumn>
                </QueryColumns>
                <OrderColumns></OrderColumns>
                <PreSQLS></PreSQLS>
            </Query>
            <Assignments>
                <Assignment>
                    <AssignName>numproveeXserie</AssignName>
                    <AssignNameNew></AssignNameNew>
                    <Expression>count()</Expression>
                    <Condition></Condition>
                </Assignment>
                <Assignment>
                    <AssignName>codproveedor</AssignName>
                    <AssignNameNew></AssignNameNew>
                    <Expression>apply_style('ALLCELLS', 'padding', '0 0 2 0');</Expression>
                    <Condition></Condition>
                </Assignment>
            </Assignments>
            <Criteria></Criteria>
            <Output>
                <PageHeaders>
                    <PageHeader>
                        <LineNumber>1</LineNumber>
                        <HeaderText>{REPORT_TITLE}{STYLE padding:5px 0px 5px 0px;}</HeaderText>
                        <Format>
                            <ColumnStartPDF></ColumnStartPDF>
                            <justify>center</justify>
                            <ColumnWidthPDF></ColumnWidthPDF>
                            <ShowInPDF>yes</ShowInPDF>
                            <ShowInHTML>no</ShowInHTML>
                        </Format>
                    </PageHeader>
                    <PageHeader>
                        <LineNumber>1</LineNumber>
                        <HeaderText>Time: date('Y-m-d H:i:s'){STYLE font-size:10pt;}</HeaderText>
                        <Format>
                            <ColumnStartPDF></ColumnStartPDF>
                            <justify>right</justify>
                            <ColumnWidthPDF></ColumnWidthPDF>
                            <ShowInPDF>no</ShowInPDF>
                            <ShowInHTML>no</ShowInHTML>
                        </Format>
                    </PageHeader>
                </PageHeaders>
                <PageFooters>
                    <PageFooter>
                        <LineNumber>1</LineNumber>
                        <FooterText>Aquí se puede indicar los datos fiscales de tu empresa{STYLE border-width: 1 0 0 0; margin: 40 0 0 0; font-style: italic; font-size: 9}</FooterText>
                        <Format>
                            <ColumnStartPDF></ColumnStartPDF>
                            <justify>center</justify>
                            <ColumnWidthPDF></ColumnWidthPDF>
                            <ShowInPDF>yes</ShowInPDF>
                            <ShowInHTML>yes</ShowInHTML>
                        </Format>
                    </PageFooter>
                </PageFooters>
                <DisplayOrders>
                    <DisplayOrder>
                        <ColumnName>codproveedor</ColumnName>
                        <OrderNumber>1</OrderNumber>
                    </DisplayOrder>
                    <DisplayOrder>
                        <ColumnName>nombre</ColumnName>
                        <OrderNumber>2</OrderNumber>
                    </DisplayOrder>
                    <DisplayOrder>
                        <ColumnName>razonsocial</ColumnName>
                        <OrderNumber>3</OrderNumber>
                    </DisplayOrder>
                    <DisplayOrder>
                        <ColumnName>codserie</ColumnName>
                        <OrderNumber>4</OrderNumber>
                    </DisplayOrder>
                    <DisplayOrder>
                        <ColumnName>numproveeXserie</ColumnName>
                        <OrderNumber>5</OrderNumber>
                    </DisplayOrder>
                </DisplayOrders>
                <Groups>
                    <Group>
                        <GroupName>codserie</GroupName>
                        <BeforeGroupHeader>blankline</BeforeGroupHeader>
                        <AfterGroupHeader>blankline</AfterGroupHeader>
                        <BeforeGroupTrailer>blankline</BeforeGroupTrailer>
                        <AfterGroupTrailer>blankline</AfterGroupTrailer>
                        <GroupHeaders>
                            <GroupHeader>
                                <GroupHeaderColumn>codserie</GroupHeaderColumn>
                                <GroupHeaderCustom>Relación de proveedores en la serie: {codserie}{STYLE margin:0 0 0 12;}
                                </GroupHeaderCustom>
                            </GroupHeader>
                        </GroupHeaders>
                        <GroupTrailers>
                            <GroupTrailer>
                                <GroupTrailerDisplayColumn>nombre</GroupTrailerDisplayColumn>
                                <GroupTrailerValueColumn>numproveeXserie</GroupTrailerValueColumn>
                                <GroupTrailerCustom></GroupTrailerCustom>
                            </GroupTrailer>
                        </GroupTrailers>
                    </Group>
                </Groups>
                <Graphs></Graphs>
            </Output>
        </EntryForm>
    </ReportQuery>
</Report>