<?xml version="1.0"?>
<Report>
    <ReportQuery>
        <Format>
            <ReportTitle>ZZ-DtosPtosCli - REPASO</ReportTitle>
            <ReportDescription>Diseño de impresión para presupuestos de venta.
                &lt;br/&gt;
                &lt;b&gt;Diseñado por:&lt;/b&gt; Jorge L. Almendros
                &lt;br/&gt;
                &lt;b&gt;Adaptado a FacturaScripts por:&lt;/b&gt; Francesc Pineda Segarra
            </ReportDescription>
            <PageSize>.DEFAULT</PageSize>
            <PageOrientation>.DEFAULT</PageOrientation>
            <TopMargin></TopMargin>
            <BottomMargin></BottomMargin>
            <RightMargin></RightMargin>
            <LeftMargin></LeftMargin>
            <pdfFont>dejavusans</pdfFont>
            <pdfFontSize>10</pdfFontSize>
            <PreExecuteCode>NONE</PreExecuteCode>
            <formBetweenRows>blankline</formBetweenRows>
            <gridDisplay>.DEFAULT</gridDisplay>
            <gridSortable>.DEFAULT</gridSortable>
            <gridSearchable>.DEFAULT</gridSearchable>
            <gridPageable>.DEFAULT</gridPageable>
            <gridPageSize>.DEFAULT</gridPageSize>
        </Format>
        <Datasource>
            <SourceType>database</SourceType>
            <SourceConnection>
                <DatabaseType>mysql</DatabaseType>
                <DatabaseName></DatabaseName>
                <HostName></HostName>
                <ServiceName></ServiceName>
                <UserName></UserName>
                <Password></Password>
            </SourceConnection>
        </Datasource>
        <EntryForm>
            <Query>
                <TableSql></TableSql>
                <WhereSql></WhereSql>
                <GroupSql></GroupSql>
                <RowSelection>all</RowSelection>
                <SQL>
                    <QuerySql></QuerySql>
                    <SQLRaw>SELECT
                        presupuestoscli.idpresupuesto,
                        presupuestoscli.codcliente,
                        presupuestoscli.nombrecliente,
                        presupuestoscli.direccion,
                        presupuestoscli.ciudad,
                        presupuestoscli.numero2,
                        presupuestoscli.cifnif,
                        presupuestoscli.neto,
                        presupuestoscli.total,
                        presupuestoscli.totaliva,
                        presupuestoscli.provincia,
                        presupuestoscli.codigo,
                        presupuestoscli.observaciones,
                        presupuestoscli.codpago,

                        lineaspresupuestoscli.pvptotal,
                        lineaspresupuestoscli.pvpsindto,
                        (lineaspresupuestoscli.pvptotal-lineaspresupuestoscli.pvpsindto) totaldto,
                        lineaspresupuestoscli.idpresupuesto,
                        lineaspresupuestoscli.descripcion,

                        lineaspresupuestoscli.pvptotal pvp,
                        lineaspresupuestoscli.cantidad cant,
                        lineaspresupuestoscli.iva ivalinea,
                        (lineaspresupuestoscli.pvptotal*lineaspresupuestoscli.iva/100) impuestos,
                        (lineaspresupuestoscli.pvptotal+(lineaspresupuestoscli.pvptotal*lineaspresupuestoscli.iva/100))
                        totallinea,

                        (CASE lineaspresupuestoscli.mostrar_cantidad WHEN true THEN &quot;V&quot; ELSE &quot; &quot;
                        END) m_cant,
                        (CASE lineaspresupuestoscli.mostrar_precio WHEN true THEN &quot;V&quot; ELSE &quot; &quot; END)
                        m_precio,
                        lineaspresupuestoscli.dtopor dtopor,

                        clientes.codcliente,
                        clientes.telefono1,
                        clientes.telefono2,

                        formaspago.codpago,
                        formaspago.descripcion descfpago,

                        empresa.id idemp,
                        empresa.direccion diremp,
                        empresa.codpostal cpemp,
                        empresa.ciudad poblemp,
                        empresa.telefono telemp,
                        empresa.web webemp,
                        empresa.pie_factura piefacemp,

                        agentes.codagente,
                        agentes.nombre agnom,
                        agentes.email agmail

                        FROM presupuestoscli
                        LEFT JOIN lineaspresupuestoscli ON presupuestoscli.idpresupuesto = lineaspresupuestoscli.idpresupuesto
                        LEFT JOIN clientes ON presupuestoscli.codcliente = clientes.codcliente
                        LEFT JOIN formaspago ON presupuestoscli.codpago = formaspago.codpago
                        LEFT JOIN empresa ON empresa.id = 1
                        LEFT JOIN agentes ON presupuestoscli.codagente = agentes.codagente

                        WHERE 1 = 1

                        ORDER BY
                        presupuestoscli.idpresupuesto ASC, lineaspresupuestoscli.orden DESC
                    </SQLRaw>
                </SQL>
                <QueryColumns>
                    <QueryColumn>
                        <Name>idpresupuesto</Name>
                        <TableName>lineaspresupuestoscli</TableName>
                        <ColumnName>idpresupuesto</ColumnName>
                        <ColumnType>char</ColumnType>
                        <ColumnLength>30</ColumnLength>
                        <Format>
                            <column_display>hide</column_display>
                            <content_type>plain</content_type>
                            <ColumnStartPDF></ColumnStartPDF>
                            <justify>left</justify>
                            <ColumnWidthPDF></ColumnWidthPDF>
                            <ColumnWidthHTML></ColumnWidthHTML>
                            <column_title>ID de Presupuesto:</column_title>
                            <tooltip></tooltip>
                            <group_header_label>0</group_header_label>
                            <group_header_label_xpos></group_header_label_xpos>
                            <group_header_data_xpos></group_header_data_xpos>
                            <group_trailer_label>0</group_trailer_label>
                        </Format>
                    </QueryColumn>
                    <QueryColumn>
                        <Name>codcliente</Name>
                        <TableName>clientes</TableName>
                        <ColumnName>codcliente</ColumnName>
                        <ColumnType>char</ColumnType>
                        <ColumnLength>30</ColumnLength>
                        <Format>
                            <column_display>hide</column_display>
                            <content_type>plain</content_type>
                            <ColumnStartPDF></ColumnStartPDF>
                            <justify>left</justify>
                            <ColumnWidthPDF></ColumnWidthPDF>
                            <ColumnWidthHTML></ColumnWidthHTML>
                            <column_title>Código de cliente</column_title>
                            <tooltip></tooltip>
                            <group_header_label>0</group_header_label>
                            <group_header_label_xpos></group_header_label_xpos>
                            <group_header_data_xpos></group_header_data_xpos>
                            <group_trailer_label>0</group_trailer_label>
                        </Format>
                    </QueryColumn>
                    <QueryColumn>
                        <Name>nombrecliente</Name>
                        <TableName>presupuestoscli</TableName>
                        <ColumnName>nombrecliente</ColumnName>
                        <ColumnType>char</ColumnType>
                        <ColumnLength>30</ColumnLength>
                        <Format>
                            <column_display>hide</column_display>
                            <content_type>plain</content_type>
                            <ColumnStartPDF></ColumnStartPDF>
                            <justify>left</justify>
                            <ColumnWidthPDF></ColumnWidthPDF>
                            <ColumnWidthHTML></ColumnWidthHTML>
                            <column_title>Nombre :</column_title>
                            <tooltip></tooltip>
                            <group_header_label>0</group_header_label>
                            <group_header_label_xpos></group_header_label_xpos>
                            <group_header_data_xpos></group_header_data_xpos>
                            <group_trailer_label>0</group_trailer_label>
                        </Format>
                    </QueryColumn>
                    <QueryColumn>
                        <Name>direccion</Name>
                        <TableName>presupuestoscli</TableName>
                        <ColumnName>direccion</ColumnName>
                        <ColumnType>char</ColumnType>
                        <ColumnLength>30</ColumnLength>
                        <Format>
                            <column_display>hide</column_display>
                            <content_type>plain</content_type>
                            <ColumnStartPDF></ColumnStartPDF>
                            <justify>left</justify>
                            <ColumnWidthPDF></ColumnWidthPDF>
                            <ColumnWidthHTML></ColumnWidthHTML>
                            <column_title>Dirección :</column_title>
                            <tooltip></tooltip>
                            <group_header_label>0</group_header_label>
                            <group_header_label_xpos></group_header_label_xpos>
                            <group_header_data_xpos></group_header_data_xpos>
                            <group_trailer_label>0</group_trailer_label>
                        </Format>
                    </QueryColumn>
                    <QueryColumn>
                        <Name>ciudad</Name>
                        <TableName>presupuestoscli</TableName>
                        <ColumnName>ciudad</ColumnName>
                        <ColumnType>char</ColumnType>
                        <ColumnLength>30</ColumnLength>
                        <Format>
                            <column_display>hide</column_display>
                            <content_type>plain</content_type>
                            <ColumnStartPDF></ColumnStartPDF>
                            <justify>left</justify>
                            <ColumnWidthPDF></ColumnWidthPDF>
                            <ColumnWidthHTML></ColumnWidthHTML>
                            <column_title>Población :</column_title>
                            <tooltip></tooltip>
                            <group_header_label>0</group_header_label>
                            <group_header_label_xpos></group_header_label_xpos>
                            <group_header_data_xpos></group_header_data_xpos>
                            <group_trailer_label>0</group_trailer_label>
                        </Format>
                    </QueryColumn>
                    <QueryColumn>
                        <Name>numero2</Name>
                        <TableName>presupuestoscli</TableName>
                        <ColumnName>numero2</ColumnName>
                        <ColumnType>char</ColumnType>
                        <ColumnLength>30</ColumnLength>
                        <Format>
                            <column_display>hide</column_display>
                            <content_type>plain</content_type>
                            <ColumnStartPDF></ColumnStartPDF>
                            <justify>left</justify>
                            <ColumnWidthPDF></ColumnWidthPDF>
                            <ColumnWidthHTML></ColumnWidthHTML>
                            <column_title>Número 2:</column_title>
                            <tooltip></tooltip>
                            <group_header_label>0</group_header_label>
                            <group_header_label_xpos></group_header_label_xpos>
                            <group_header_data_xpos></group_header_data_xpos>
                            <group_trailer_label>0</group_trailer_label>
                        </Format>
                    </QueryColumn>
                    <QueryColumn>
                        <Name>cifnif</Name>
                        <TableName>presupuestoscli</TableName>
                        <ColumnName>cifnif</ColumnName>
                        <ColumnType>char</ColumnType>
                        <ColumnLength>30</ColumnLength>
                        <Format>
                            <column_display>hide</column_display>
                            <content_type>plain</content_type>
                            <ColumnStartPDF></ColumnStartPDF>
                            <justify>left</justify>
                            <ColumnWidthPDF></ColumnWidthPDF>
                            <ColumnWidthHTML></ColumnWidthHTML>
                            <column_title>Cif / Nif</column_title>
                            <tooltip></tooltip>
                            <group_header_label>0</group_header_label>
                            <group_header_label_xpos></group_header_label_xpos>
                            <group_header_data_xpos></group_header_data_xpos>
                            <group_trailer_label>0</group_trailer_label>
                        </Format>
                    </QueryColumn>
                    <QueryColumn>
                        <Name>neto</Name>
                        <TableName>presupuestoscli</TableName>
                        <ColumnName>neto</ColumnName>
                        <ColumnType>char</ColumnType>
                        <ColumnLength>30</ColumnLength>
                        <Format>
                            <column_display>hide</column_display>
                            <content_type>plain</content_type>
                            <ColumnStartPDF></ColumnStartPDF>
                            <justify>left</justify>
                            <ColumnWidthPDF></ColumnWidthPDF>
                            <ColumnWidthHTML></ColumnWidthHTML>
                            <column_title>Importes:</column_title>
                            <tooltip></tooltip>
                            <group_header_label>0</group_header_label>
                            <group_header_label_xpos></group_header_label_xpos>
                            <group_header_data_xpos></group_header_data_xpos>
                            <group_trailer_label>0</group_trailer_label>
                        </Format>
                    </QueryColumn>
                    <QueryColumn>
                        <Name>total</Name>
                        <TableName>presupuestoscli</TableName>
                        <ColumnName>total</ColumnName>
                        <ColumnType>char</ColumnType>
                        <ColumnLength>30</ColumnLength>
                        <Format>
                            <column_display>hide</column_display>
                            <content_type>plain</content_type>
                            <ColumnStartPDF></ColumnStartPDF>
                            <justify>left</justify>
                            <ColumnWidthPDF></ColumnWidthPDF>
                            <ColumnWidthHTML></ColumnWidthHTML>
                            <column_title>Total:</column_title>
                            <tooltip></tooltip>
                            <group_header_label>0</group_header_label>
                            <group_header_label_xpos></group_header_label_xpos>
                            <group_header_data_xpos></group_header_data_xpos>
                            <group_trailer_label>0</group_trailer_label>
                        </Format>
                    </QueryColumn>
                    <QueryColumn>
                        <Name>totaliva</Name>
                        <TableName>presupuestoscli</TableName>
                        <ColumnName>totaliva</ColumnName>
                        <ColumnType>char</ColumnType>
                        <ColumnLength>30</ColumnLength>
                        <Format>
                            <column_display>hide</column_display>
                            <content_type>plain</content_type>
                            <ColumnStartPDF></ColumnStartPDF>
                            <justify>left</justify>
                            <ColumnWidthPDF></ColumnWidthPDF>
                            <ColumnWidthHTML></ColumnWidthHTML>
                            <column_title>Total Impuestos</column_title>
                            <tooltip></tooltip>
                            <group_header_label>0</group_header_label>
                            <group_header_label_xpos></group_header_label_xpos>
                            <group_header_data_xpos></group_header_data_xpos>
                            <group_trailer_label>0</group_trailer_label>
                        </Format>
                    </QueryColumn>
                    <QueryColumn>
                        <Name>provincia</Name>
                        <TableName>presupuestoscli</TableName>
                        <ColumnName>provincia</ColumnName>
                        <ColumnType>char</ColumnType>
                        <ColumnLength>30</ColumnLength>
                        <Format>
                            <column_display>hide</column_display>
                            <content_type>plain</content_type>
                            <ColumnStartPDF></ColumnStartPDF>
                            <justify>left</justify>
                            <ColumnWidthPDF></ColumnWidthPDF>
                            <ColumnWidthHTML></ColumnWidthHTML>
                            <column_title>Provincia:</column_title>
                            <tooltip></tooltip>
                            <group_header_label>0</group_header_label>
                            <group_header_label_xpos></group_header_label_xpos>
                            <group_header_data_xpos></group_header_data_xpos>
                            <group_trailer_label>0</group_trailer_label>
                        </Format>
                    </QueryColumn>
                    <QueryColumn>
                        <Name>codigo</Name>
                        <TableName>presupuestoscli</TableName>
                        <ColumnName>codigo</ColumnName>
                        <ColumnType>char</ColumnType>
                        <ColumnLength>30</ColumnLength>
                        <Format>
                            <column_display>hide</column_display>
                            <content_type>plain</content_type>
                            <ColumnStartPDF></ColumnStartPDF>
                            <justify>left</justify>
                            <ColumnWidthPDF></ColumnWidthPDF>
                            <ColumnWidthHTML></ColumnWidthHTML>
                            <column_title>Número de Pedido:</column_title>
                            <tooltip></tooltip>
                            <group_header_label>0</group_header_label>
                            <group_header_label_xpos></group_header_label_xpos>
                            <group_header_data_xpos></group_header_data_xpos>
                            <group_trailer_label>0</group_trailer_label>
                        </Format>
                    </QueryColumn>
                    <QueryColumn>
                        <Name>observaciones</Name>
                        <TableName>presupuestoscli</TableName>
                        <ColumnName>observaciones</ColumnName>
                        <ColumnType>char</ColumnType>
                        <ColumnLength>30</ColumnLength>
                        <Format>
                            <column_display>hide</column_display>
                            <content_type>plain</content_type>
                            <ColumnStartPDF></ColumnStartPDF>
                            <justify>left</justify>
                            <ColumnWidthPDF></ColumnWidthPDF>
                            <ColumnWidthHTML></ColumnWidthHTML>
                            <column_title>Observaciones:</column_title>
                            <tooltip></tooltip>
                            <group_header_label>0</group_header_label>
                            <group_header_label_xpos></group_header_label_xpos>
                            <group_header_data_xpos></group_header_data_xpos>
                            <group_trailer_label>0</group_trailer_label>
                        </Format>
                    </QueryColumn>
                    <QueryColumn>
                        <Name>pvptotal</Name>
                        <TableName>lineaspresupuestoscli</TableName>
                        <ColumnName>pvptotal</ColumnName>
                        <ColumnType>char</ColumnType>
                        <ColumnLength>30</ColumnLength>
                        <Format>
                            <column_display>hide</column_display>
                            <content_type>plain</content_type>
                            <ColumnStartPDF></ColumnStartPDF>
                            <justify>left</justify>
                            <ColumnWidthPDF></ColumnWidthPDF>
                            <ColumnWidthHTML></ColumnWidthHTML>
                            <column_title>PVP Total:</column_title>
                            <tooltip></tooltip>
                            <group_header_label>0</group_header_label>
                            <group_header_label_xpos></group_header_label_xpos>
                            <group_header_data_xpos></group_header_data_xpos>
                            <group_trailer_label>0</group_trailer_label>
                        </Format>
                    </QueryColumn>
                    <QueryColumn>
                        <Name>descripcion</Name>
                        <TableName>lineaspresupuestoscli</TableName>
                        <ColumnName>descripcion</ColumnName>
                        <ColumnType>char</ColumnType>
                        <ColumnLength>30</ColumnLength>
                        <Format>
                            <column_display>show</column_display>
                            <content_type>plain</content_type>
                            <ColumnStartPDF></ColumnStartPDF>
                            <justify>left</justify>
                            <ColumnWidthPDF>55%</ColumnWidthPDF>
                            <ColumnWidthHTML></ColumnWidthHTML>
                            <column_title>Descripción</column_title>
                            <tooltip></tooltip>
                            <group_header_label>0</group_header_label>
                            <group_header_label_xpos></group_header_label_xpos>
                            <group_header_data_xpos></group_header_data_xpos>
                            <group_trailer_label>0</group_trailer_label>
                        </Format>
                    </QueryColumn>
                    <QueryColumn>
                        <Name>telefono1</Name>
                        <TableName>clientes</TableName>
                        <ColumnName>telefono1</ColumnName>
                        <ColumnType>char</ColumnType>
                        <ColumnLength>30</ColumnLength>
                        <Format>
                            <column_display>hide</column_display>
                            <content_type>plain</content_type>
                            <ColumnStartPDF></ColumnStartPDF>
                            <justify>left</justify>
                            <ColumnWidthPDF></ColumnWidthPDF>
                            <ColumnWidthHTML></ColumnWidthHTML>
                            <column_title>Teléfonos:</column_title>
                            <tooltip></tooltip>
                            <group_header_label>0</group_header_label>
                            <group_header_label_xpos></group_header_label_xpos>
                            <group_header_data_xpos></group_header_data_xpos>
                            <group_trailer_label>0</group_trailer_label>
                        </Format>
                    </QueryColumn>
                    <QueryColumn>
                        <Name>totaldto</Name>
                        <TableName></TableName>
                        <ColumnName>(lineaspresupuestoscli.pvptotal-lineaspresupuestoscli.pvpsindto)</ColumnName>
                        <ColumnType>char</ColumnType>
                        <ColumnLength>30</ColumnLength>
                        <Format>
                            <column_display>hide</column_display>
                            <content_type>plain</content_type>
                            <ColumnStartPDF></ColumnStartPDF>
                            <justify>left</justify>
                            <ColumnWidthPDF>10%</ColumnWidthPDF>
                            <ColumnWidthHTML>10%</ColumnWidthHTML>
                            <column_title></column_title>
                            <tooltip></tooltip>
                            <group_header_label>0</group_header_label>
                            <group_header_label_xpos></group_header_label_xpos>
                            <group_header_data_xpos></group_header_data_xpos>
                            <group_trailer_label>0</group_trailer_label>
                        </Format>
                    </QueryColumn>
                    <QueryColumn>
                        <Name>telefono2</Name>
                        <TableName>clientes</TableName>
                        <ColumnName>telefono2</ColumnName>
                        <ColumnType>char</ColumnType>
                        <ColumnLength>30</ColumnLength>
                        <Format>
                            <column_display>hide</column_display>
                            <content_type>plain</content_type>
                            <ColumnStartPDF></ColumnStartPDF>
                            <justify>left</justify>
                            <ColumnWidthPDF></ColumnWidthPDF>
                            <ColumnWidthHTML></ColumnWidthHTML>
                            <column_title></column_title>
                            <tooltip></tooltip>
                            <group_header_label>0</group_header_label>
                            <group_header_label_xpos></group_header_label_xpos>
                            <group_header_data_xpos></group_header_data_xpos>
                            <group_trailer_label>0</group_trailer_label>
                        </Format>
                    </QueryColumn>
                    <QueryColumn>
                        <Name>codpago</Name>
                        <TableName>formaspago</TableName>
                        <ColumnName>codpago</ColumnName>
                        <ColumnType>char</ColumnType>
                        <ColumnLength>30</ColumnLength>
                        <Format>
                            <column_display>hide</column_display>
                            <content_type>plain</content_type>
                            <ColumnStartPDF></ColumnStartPDF>
                            <justify>left</justify>
                            <ColumnWidthPDF></ColumnWidthPDF>
                            <ColumnWidthHTML></ColumnWidthHTML>
                            <column_title>Forma de pago:</column_title>
                            <tooltip></tooltip>
                            <group_header_label>0</group_header_label>
                            <group_header_label_xpos></group_header_label_xpos>
                            <group_header_data_xpos></group_header_data_xpos>
                            <group_trailer_label>0</group_trailer_label>
                        </Format>
                    </QueryColumn>
                    <QueryColumn>
                        <Name>pvp</Name>
                        <TableName>lineaspresupuestoscli</TableName>
                        <ColumnName>pvptotal</ColumnName>
                        <ColumnType>char</ColumnType>
                        <ColumnLength>30</ColumnLength>
                        <Format>
                            <column_display>show</column_display>
                            <content_type>plain</content_type>
                            <ColumnStartPDF></ColumnStartPDF>
                            <justify>right</justify>
                            <ColumnWidthPDF>8%</ColumnWidthPDF>
                            <ColumnWidthHTML></ColumnWidthHTML>
                            <column_title>PVP</column_title>
                            <tooltip></tooltip>
                            <group_header_label>0</group_header_label>
                            <group_header_label_xpos></group_header_label_xpos>
                            <group_header_data_xpos></group_header_data_xpos>
                            <group_trailer_label>0</group_trailer_label>
                        </Format>
                    </QueryColumn>
                    <QueryColumn>
                        <Name>cant</Name>
                        <TableName>lineaspresupuestoscli</TableName>
                        <ColumnName>cantidad</ColumnName>
                        <ColumnType>char</ColumnType>
                        <ColumnLength>30</ColumnLength>
                        <Format>
                            <column_display>show</column_display>
                            <content_type>plain</content_type>
                            <ColumnStartPDF></ColumnStartPDF>
                            <justify>right</justify>
                            <ColumnWidthPDF>5%</ColumnWidthPDF>
                            <ColumnWidthHTML></ColumnWidthHTML>
                            <column_title>Cant.</column_title>
                            <tooltip></tooltip>
                            <group_header_label>0</group_header_label>
                            <group_header_label_xpos></group_header_label_xpos>
                            <group_header_data_xpos></group_header_data_xpos>
                            <group_trailer_label>0</group_trailer_label>
                        </Format>
                    </QueryColumn>
                    <QueryColumn>
                        <Name>ivalinea</Name>
                        <TableName>lineaspresupuestoscli</TableName>
                        <ColumnName>iva</ColumnName>
                        <ColumnType>char</ColumnType>
                        <ColumnLength>30</ColumnLength>
                        <Format>
                            <column_display>show</column_display>
                            <content_type>plain</content_type>
                            <ColumnStartPDF></ColumnStartPDF>
                            <justify>left</justify>
                            <ColumnWidthPDF>5%</ColumnWidthPDF>
                            <ColumnWidthHTML></ColumnWidthHTML>
                            <column_title>%IVA</column_title>
                            <tooltip></tooltip>
                            <group_header_label>0</group_header_label>
                            <group_header_label_xpos></group_header_label_xpos>
                            <group_header_data_xpos></group_header_data_xpos>
                            <group_trailer_label>0</group_trailer_label>
                        </Format>
                    </QueryColumn>
                    <QueryColumn>
                        <Name>impuestos</Name>
                        <TableName></TableName>
                        <ColumnName>(lineaspresupuestoscli.pvptotal*lineaspresupuestoscli.iva/100)</ColumnName>
                        <ColumnType>char</ColumnType>
                        <ColumnLength>30</ColumnLength>
                        <Format>
                            <column_display>hide</column_display>
                            <content_type>plain</content_type>
                            <ColumnStartPDF></ColumnStartPDF>
                            <justify>left</justify>
                            <ColumnWidthPDF></ColumnWidthPDF>
                            <ColumnWidthHTML></ColumnWidthHTML>
                            <column_title>Impuestos</column_title>
                            <tooltip></tooltip>
                            <group_header_label>0</group_header_label>
                            <group_header_label_xpos></group_header_label_xpos>
                            <group_header_data_xpos></group_header_data_xpos>
                            <group_trailer_label>0</group_trailer_label>
                        </Format>
                    </QueryColumn>
                    <QueryColumn>
                        <Name>totallinea</Name>
                        <TableName></TableName>
                        <ColumnName>
                            (lineaspresupuestoscli.pvptotal+(lineaspresupuestoscli.pvptotal*lineaspresupuestoscli.iva/100))
                        </ColumnName>
                        <ColumnType>char</ColumnType>
                        <ColumnLength>30</ColumnLength>
                        <Format>
                            <column_display>hide</column_display>
                            <content_type>plain</content_type>
                            <ColumnStartPDF></ColumnStartPDF>
                            <justify>left</justify>
                            <ColumnWidthPDF></ColumnWidthPDF>
                            <ColumnWidthHTML></ColumnWidthHTML>
                            <column_title>PVP Total</column_title>
                            <tooltip></tooltip>
                            <group_header_label>0</group_header_label>
                            <group_header_label_xpos></group_header_label_xpos>
                            <group_header_data_xpos></group_header_data_xpos>
                            <group_trailer_label>0</group_trailer_label>
                        </Format>
                    </QueryColumn>
                    <QueryColumn>
                        <Name>m_cant</Name>
                        <TableName></TableName>
                        <ColumnName>(CASE lineaspresupuestoscli.mostrar_cantidad WHEN true THEN &quot;V&quot; ELSE
                            &quot; &quot; END)
                        </ColumnName>
                        <ColumnType>char</ColumnType>
                        <ColumnLength>30</ColumnLength>
                        <Format>
                            <column_display>show</column_display>
                            <content_type>plain</content_type>
                            <ColumnStartPDF></ColumnStartPDF>
                            <justify>center</justify>
                            <ColumnWidthPDF>2%</ColumnWidthPDF>
                            <ColumnWidthHTML></ColumnWidthHTML>
                            <column_title>c</column_title>
                            <tooltip></tooltip>
                            <group_header_label>0</group_header_label>
                            <group_header_label_xpos></group_header_label_xpos>
                            <group_header_data_xpos></group_header_data_xpos>
                            <group_trailer_label>0</group_trailer_label>
                        </Format>
                    </QueryColumn>
                    <QueryColumn>
                        <Name>m_precio</Name>
                        <TableName></TableName>
                        <ColumnName>(CASE lineaspresupuestoscli.mostrar_precio WHEN true THEN &quot;V&quot; ELSE &quot;
                            &quot; END)
                        </ColumnName>
                        <ColumnType>char</ColumnType>
                        <ColumnLength>30</ColumnLength>
                        <Format>
                            <column_display>show</column_display>
                            <content_type>plain</content_type>
                            <ColumnStartPDF></ColumnStartPDF>
                            <justify>center</justify>
                            <ColumnWidthPDF>2%</ColumnWidthPDF>
                            <ColumnWidthHTML></ColumnWidthHTML>
                            <column_title>p</column_title>
                            <tooltip></tooltip>
                            <group_header_label>0</group_header_label>
                            <group_header_label_xpos></group_header_label_xpos>
                            <group_header_data_xpos></group_header_data_xpos>
                            <group_trailer_label>0</group_trailer_label>
                        </Format>
                    </QueryColumn>
                    <QueryColumn>
                        <Name>dtopor</Name>
                        <TableName>lineaspresupuestoscli</TableName>
                        <ColumnName>dtopor</ColumnName>
                        <ColumnType>char</ColumnType>
                        <ColumnLength>30</ColumnLength>
                        <Format>
                            <column_display>show</column_display>
                            <content_type>plain</content_type>
                            <ColumnStartPDF></ColumnStartPDF>
                            <justify>right</justify>
                            <ColumnWidthPDF>5%</ColumnWidthPDF>
                            <ColumnWidthHTML></ColumnWidthHTML>
                            <column_title>%dto</column_title>
                            <tooltip></tooltip>
                            <group_header_label>0</group_header_label>
                            <group_header_label_xpos></group_header_label_xpos>
                            <group_header_data_xpos></group_header_data_xpos>
                            <group_trailer_label>0</group_trailer_label>
                        </Format>
                    </QueryColumn>
                    <QueryColumn>
                        <Name>Inilinea</Name>
                        <TableName></TableName>
                        <ColumnName></ColumnName>
                        <ColumnType></ColumnType>
                        <ColumnLength></ColumnLength>
                        <Format>
                            <column_display>show</column_display>
                            <content_type>plain</content_type>
                            <ColumnStartPDF></ColumnStartPDF>
                            <justify>center</justify>
                            <ColumnWidthPDF>2%</ColumnWidthPDF>
                            <ColumnWidthHTML></ColumnWidthHTML>
                            <column_title></column_title>
                            <tooltip></tooltip>
                            <group_header_label>0</group_header_label>
                            <group_header_label_xpos></group_header_label_xpos>
                            <group_header_data_xpos></group_header_data_xpos>
                            <group_trailer_label>0</group_trailer_label>
                        </Format>
                    </QueryColumn>
                    <QueryColumn>
                        <Name>codagente</Name>
                        <TableName>agentes</TableName>
                        <ColumnName>codagente</ColumnName>
                        <ColumnType>char</ColumnType>
                        <ColumnLength>30</ColumnLength>
                        <Format>
                            <column_display>hide</column_display>
                            <content_type>plain</content_type>
                            <ColumnStartPDF></ColumnStartPDF>
                            <justify>left</justify>
                            <ColumnWidthPDF></ColumnWidthPDF>
                            <ColumnWidthHTML></ColumnWidthHTML>
                            <column_title></column_title>
                            <tooltip></tooltip>
                            <group_header_label>0</group_header_label>
                            <group_header_label_xpos></group_header_label_xpos>
                            <group_header_data_xpos></group_header_data_xpos>
                            <group_trailer_label>0</group_trailer_label>
                        </Format>
                    </QueryColumn>
                    <QueryColumn>
                        <Name>pvpsindto</Name>
                        <TableName>lineaspresupuestoscli</TableName>
                        <ColumnName>pvpsindto</ColumnName>
                        <ColumnType>char</ColumnType>
                        <ColumnLength>30</ColumnLength>
                        <Format>
                            <column_display>show</column_display>
                            <content_type>plain</content_type>
                            <ColumnStartPDF></ColumnStartPDF>
                            <justify>right</justify>
                            <ColumnWidthPDF>9%</ColumnWidthPDF>
                            <ColumnWidthHTML></ColumnWidthHTML>
                            <column_title>Precio</column_title>
                            <tooltip></tooltip>
                            <group_header_label>0</group_header_label>
                            <group_header_label_xpos></group_header_label_xpos>
                            <group_header_data_xpos></group_header_data_xpos>
                            <group_trailer_label>0</group_trailer_label>
                        </Format>
                    </QueryColumn>
                    <QueryColumn>
                        <Name>SumaDtos</Name>
                        <TableName></TableName>
                        <ColumnName></ColumnName>
                        <ColumnType></ColumnType>
                        <ColumnLength></ColumnLength>
                        <Format>
                            <column_display>hide</column_display>
                            <content_type>plain</content_type>
                            <ColumnStartPDF></ColumnStartPDF>
                            <justify>right</justify>
                            <ColumnWidthPDF></ColumnWidthPDF>
                            <ColumnWidthHTML>3%</ColumnWidthHTML>
                            <column_title>Dtos</column_title>
                            <tooltip></tooltip>
                            <group_header_label>0</group_header_label>
                            <group_header_label_xpos></group_header_label_xpos>
                            <group_header_data_xpos></group_header_data_xpos>
                            <group_trailer_label>0</group_trailer_label>
                        </Format>
                    </QueryColumn>
                    <QueryColumn>
                        <Name>descfpago</Name>
                        <TableName>formaspago</TableName>
                        <ColumnName>descripcion</ColumnName>
                        <ColumnType>char</ColumnType>
                        <ColumnLength>30</ColumnLength>
                        <Format>
                            <column_display>hide</column_display>
                            <content_type>plain</content_type>
                            <ColumnStartPDF></ColumnStartPDF>
                            <justify>left</justify>
                            <ColumnWidthPDF></ColumnWidthPDF>
                            <ColumnWidthHTML></ColumnWidthHTML>
                            <column_title>Forma de Pago:</column_title>
                            <tooltip></tooltip>
                            <group_header_label>0</group_header_label>
                            <group_header_label_xpos></group_header_label_xpos>
                            <group_header_data_xpos></group_header_data_xpos>
                            <group_trailer_label>0</group_trailer_label>
                        </Format>
                    </QueryColumn>
                    <QueryColumn>
                        <Name>idemp</Name>
                        <TableName>empresa</TableName>
                        <ColumnName>id</ColumnName>
                        <ColumnType>char</ColumnType>
                        <ColumnLength>30</ColumnLength>
                        <Format>
                            <column_display>hide</column_display>
                            <content_type>plain</content_type>
                            <ColumnStartPDF></ColumnStartPDF>
                            <justify>left</justify>
                            <ColumnWidthPDF></ColumnWidthPDF>
                            <ColumnWidthHTML></ColumnWidthHTML>
                            <column_title></column_title>
                            <tooltip></tooltip>
                            <group_header_label>0</group_header_label>
                            <group_header_label_xpos></group_header_label_xpos>
                            <group_header_data_xpos></group_header_data_xpos>
                            <group_trailer_label>0</group_trailer_label>
                        </Format>
                    </QueryColumn>
                    <QueryColumn>
                        <Name>diremp</Name>
                        <TableName>empresa</TableName>
                        <ColumnName>direccion</ColumnName>
                        <ColumnType>char</ColumnType>
                        <ColumnLength>30</ColumnLength>
                        <Format>
                            <column_display>hide</column_display>
                            <content_type>plain</content_type>
                            <ColumnStartPDF></ColumnStartPDF>
                            <justify>left</justify>
                            <ColumnWidthPDF></ColumnWidthPDF>
                            <ColumnWidthHTML></ColumnWidthHTML>
                            <column_title></column_title>
                            <tooltip></tooltip>
                            <group_header_label>0</group_header_label>
                            <group_header_label_xpos></group_header_label_xpos>
                            <group_header_data_xpos></group_header_data_xpos>
                            <group_trailer_label>0</group_trailer_label>
                        </Format>
                    </QueryColumn>
                    <QueryColumn>
                        <Name>cpemp</Name>
                        <TableName>empresa</TableName>
                        <ColumnName>codpostal</ColumnName>
                        <ColumnType>char</ColumnType>
                        <ColumnLength>30</ColumnLength>
                        <Format>
                            <column_display>hide</column_display>
                            <content_type>plain</content_type>
                            <ColumnStartPDF></ColumnStartPDF>
                            <justify>left</justify>
                            <ColumnWidthPDF></ColumnWidthPDF>
                            <ColumnWidthHTML></ColumnWidthHTML>
                            <column_title></column_title>
                            <tooltip></tooltip>
                            <group_header_label>0</group_header_label>
                            <group_header_label_xpos></group_header_label_xpos>
                            <group_header_data_xpos></group_header_data_xpos>
                            <group_trailer_label>0</group_trailer_label>
                        </Format>
                    </QueryColumn>
                    <QueryColumn>
                        <Name>poblemp</Name>
                        <TableName>empresa</TableName>
                        <ColumnName>ciudad</ColumnName>
                        <ColumnType>char</ColumnType>
                        <ColumnLength>30</ColumnLength>
                        <Format>
                            <column_display>hide</column_display>
                            <content_type>plain</content_type>
                            <ColumnStartPDF></ColumnStartPDF>
                            <justify>left</justify>
                            <ColumnWidthPDF></ColumnWidthPDF>
                            <ColumnWidthHTML></ColumnWidthHTML>
                            <column_title></column_title>
                            <tooltip></tooltip>
                            <group_header_label>0</group_header_label>
                            <group_header_label_xpos></group_header_label_xpos>
                            <group_header_data_xpos></group_header_data_xpos>
                            <group_trailer_label>0</group_trailer_label>
                        </Format>
                    </QueryColumn>
                    <QueryColumn>
                        <Name>telemp</Name>
                        <TableName>empresa</TableName>
                        <ColumnName>telefono</ColumnName>
                        <ColumnType>char</ColumnType>
                        <ColumnLength>30</ColumnLength>
                        <Format>
                            <column_display>hide</column_display>
                            <content_type>plain</content_type>
                            <ColumnStartPDF></ColumnStartPDF>
                            <justify>left</justify>
                            <ColumnWidthPDF></ColumnWidthPDF>
                            <ColumnWidthHTML></ColumnWidthHTML>
                            <column_title></column_title>
                            <tooltip></tooltip>
                            <group_header_label>0</group_header_label>
                            <group_header_label_xpos></group_header_label_xpos>
                            <group_header_data_xpos></group_header_data_xpos>
                            <group_trailer_label>0</group_trailer_label>
                        </Format>
                    </QueryColumn>
                    <QueryColumn>
                        <Name>webemp</Name>
                        <TableName>empresa</TableName>
                        <ColumnName>web</ColumnName>
                        <ColumnType>char</ColumnType>
                        <ColumnLength>30</ColumnLength>
                        <Format>
                            <column_display>hide</column_display>
                            <content_type>plain</content_type>
                            <ColumnStartPDF></ColumnStartPDF>
                            <justify>left</justify>
                            <ColumnWidthPDF></ColumnWidthPDF>
                            <ColumnWidthHTML></ColumnWidthHTML>
                            <column_title></column_title>
                            <tooltip></tooltip>
                            <group_header_label>0</group_header_label>
                            <group_header_label_xpos></group_header_label_xpos>
                            <group_header_data_xpos></group_header_data_xpos>
                            <group_trailer_label>0</group_trailer_label>
                        </Format>
                    </QueryColumn>
                    <QueryColumn>
                        <Name>piefacemp</Name>
                        <TableName>empresa</TableName>
                        <ColumnName>pie_factura</ColumnName>
                        <ColumnType>char</ColumnType>
                        <ColumnLength>30</ColumnLength>
                        <Format>
                            <column_display>hide</column_display>
                            <content_type>plain</content_type>
                            <ColumnStartPDF></ColumnStartPDF>
                            <justify>left</justify>
                            <ColumnWidthPDF></ColumnWidthPDF>
                            <ColumnWidthHTML></ColumnWidthHTML>
                            <column_title></column_title>
                            <tooltip></tooltip>
                            <group_header_label>0</group_header_label>
                            <group_header_label_xpos></group_header_label_xpos>
                            <group_header_data_xpos></group_header_data_xpos>
                            <group_trailer_label>0</group_trailer_label>
                        </Format>
                    </QueryColumn>
                    <QueryColumn>
                        <Name>agnom</Name>
                        <TableName>agentes</TableName>
                        <ColumnName>nombre</ColumnName>
                        <ColumnType>char</ColumnType>
                        <ColumnLength>30</ColumnLength>
                        <Format>
                            <column_display>hide</column_display>
                            <content_type>plain</content_type>
                            <ColumnStartPDF></ColumnStartPDF>
                            <justify>left</justify>
                            <ColumnWidthPDF></ColumnWidthPDF>
                            <ColumnWidthHTML></ColumnWidthHTML>
                            <column_title></column_title>
                            <tooltip></tooltip>
                            <group_header_label>0</group_header_label>
                            <group_header_label_xpos></group_header_label_xpos>
                            <group_header_data_xpos></group_header_data_xpos>
                            <group_trailer_label>0</group_trailer_label>
                        </Format>
                    </QueryColumn>
                    <QueryColumn>
                        <Name>agmail</Name>
                        <TableName>agentes</TableName>
                        <ColumnName>email</ColumnName>
                        <ColumnType>char</ColumnType>
                        <ColumnLength>30</ColumnLength>
                        <Format>
                            <column_display>hide</column_display>
                            <content_type>plain</content_type>
                            <ColumnStartPDF></ColumnStartPDF>
                            <justify>left</justify>
                            <ColumnWidthPDF></ColumnWidthPDF>
                            <ColumnWidthHTML></ColumnWidthHTML>
                            <column_title></column_title>
                            <tooltip></tooltip>
                            <group_header_label>0</group_header_label>
                            <group_header_label_xpos></group_header_label_xpos>
                            <group_header_data_xpos></group_header_data_xpos>
                            <group_trailer_label>0</group_trailer_label>
                        </Format>
                    </QueryColumn>
                </QueryColumns>
                <OrderColumns></OrderColumns>
                <PreSQLS></PreSQLS>
            </Query>
            <Assignments>
                <Assignment>
                    <AssignName>cant</AssignName>
                    <AssignNameNew></AssignNameNew>
                    <Expression>number_format(({cant}),2,',','.');</Expression>
                    <Condition></Condition>
                </Assignment>
                <Assignment>
                    <AssignName>pvp</AssignName>
                    <AssignNameNew></AssignNameNew>
                    <Expression>number_format(({pvp}),2,',','.')</Expression>
                    <Condition></Condition>
                </Assignment>
                <Assignment>
                    <AssignName>totallinea</AssignName>
                    <AssignNameNew></AssignNameNew>
                    <Expression>number_format(({totallinea}),2,',','.')</Expression>
                    <Condition>{totallinea}!=false</Condition>
                </Assignment>
                <Assignment>
                    <AssignName>neto</AssignName>
                    <AssignNameNew></AssignNameNew>
                    <Expression>&quot;\nNeto: &quot;.number_format(sum({pvptotal}),2,',','.') .&quot;€&quot; .&quot;
                        IVA: &quot;.number_format(sum({impuestos}),2,',','.') .&quot;€&quot; .&quot; Dtos.Aplicados:
                        &quot;.number_format(sum({totaldto}),2,',','.').&quot;€&quot;
                    </Expression>
                    <Condition></Condition>
                </Assignment>
                <Assignment>
                    <AssignName>Inilinea</AssignName>
                    <AssignNameNew></AssignNameNew>
                    <Expression>&quot;•&quot;</Expression>
                    <Condition></Condition>
                </Assignment>
                <Assignment>
                    <AssignName>descripcion</AssignName>
                    <AssignNameNew></AssignNameNew>
                    <Expression>apply_style('ALLCELLS', 'padding', '0 0 5 0');</Expression>
                    <Condition></Condition>
                </Assignment>
                <Assignment>
                    <AssignName>observaciones</AssignName>
                    <AssignNameNew></AssignNameNew>
                    <Expression>&quot;Obs :&quot;.&quot;\n&quot;.{observaciones}</Expression>
                    <Condition></Condition>
                </Assignment>
                <Assignment>
                    <AssignName>numero2</AssignName>
                    <AssignNameNew></AssignNameNew>
                    <Expression>{numero2}.' '</Expression>
                    <Condition></Condition>
                </Assignment>
                <Assignment>
                    <AssignName>agnom</AssignName>
                    <AssignNameNew></AssignNameNew>
                    <Expression>&quot;Le atendió: &quot;.{agnom}.&quot; (&quot;.{agmail}.&quot;) &quot;.{telemp}.&quot;
                        &quot;.{diremp}.&quot; &quot;.{cpemp}.&quot; - &quot;.{poblemp}
                    </Expression>
                    <Condition></Condition>
                </Assignment>
                <Assignment>
                    <AssignName>telefono1</AssignName>
                    <AssignNameNew></AssignNameNew>
                    <Expression>{telefono1}.&quot; - &quot;.{telefono2}</Expression>
                    <Condition></Condition>
                </Assignment>
                <Assignment>
                    <AssignName>totaldto</AssignName>
                    <AssignNameNew></AssignNameNew>
                    <Expression>number_format(({totaldto}),2,',','.')</Expression>
                    <Condition></Condition>
                </Assignment>
                <Assignment>
                    <AssignName>pvpsindto</AssignName>
                    <AssignNameNew></AssignNameNew>
                    <Expression>number_format(({pvpsindto}),2,',','.')</Expression>
                    <Condition></Condition>
                </Assignment>
            </Assignments>
            <Criteria>
                <CriteriaItem>
                    <Name>idpresupuesto</Name>
                    <Title>ID de Presupuesto:</Title>
                    <QueryTableName></QueryTableName>
                    <QueryColumnName>presupuestoscli.idpresupuesto</QueryColumnName>
                    <CriteriaType>LOOKUP</CriteriaType>
                    <CriteriaDisplay>NOINPUT</CriteriaDisplay>
                    <ExpandDisplay>NOINPUT</ExpandDisplay>
                    <ReturnColumn>idpresupuesto</ReturnColumn>
                    <DisplayColumn>codigo</DisplayColumn>
                    <OverviewColumn>idpresupuesto</OverviewColumn>
                    <MatchColumn>codigo</MatchColumn>
                    <CriteriaDefaults></CriteriaDefaults>
                    <CriteriaList></CriteriaList>
                    <Query>
                        <TableSql></TableSql>
                        <WhereSql></WhereSql>
                        <GroupSql></GroupSql>
                        <RowSelection></RowSelection>
                        <SQLRaw>SELECT presupuestoscli.idpresupuesto,presupuestoscli.codigo
                            FROM presupuestoscli
                            [WHERE presupuestoscli.idpresupuesto={idpresupuesto,VALUE}]
                            ORDER BY presupuestoscli.idpresupuesto ASC
                        </SQLRaw>
                        <SQL>
                            <QuerySql></QuerySql>
                        </SQL>
                        <QueryColumns>
                            <QueryColumn>
                                <Name>idpresupuesto</Name>
                                <TableName>presupuestoscli</TableName>
                                <ColumnName>idpresupuesto</ColumnName>
                                <ColumnType>char</ColumnType>
                                <ColumnLength>30</ColumnLength>
                                <Format>
                                    <column_display>show</column_display>
                                    <content_type>plain</content_type>
                                    <justify>left</justify>
                                </Format>
                            </QueryColumn>
                            <QueryColumn>
                                <Name>codigo</Name>
                                <TableName>presupuestoscli</TableName>
                                <ColumnName>codigo</ColumnName>
                                <ColumnType>char</ColumnType>
                                <ColumnLength>30</ColumnLength>
                                <Format>
                                    <column_display>show</column_display>
                                    <content_type>plain</content_type>
                                    <justify>left</justify>
                                </Format>
                            </QueryColumn>
                        </QueryColumns>
                        <OrderColumns></OrderColumns>
                        <Assignments></Assignments>
                    </Query>
                    <CriteriaLinks></CriteriaLinks>
                </CriteriaItem>
            </Criteria>
            <Output>
                <PageHeaders>
                    <PageHeader>
                        <LineNumber>1</LineNumber>
                        <HeaderText>Presupuesto Número: {codigo}{STYLE border-width: 1 0 1 0; margin: 15px 0px 0px 0px; border-color: #d1d4d7; font-size: 16; border-style: solid;padding:5px 0px 5px 0px; height:1cm; background-color: #d1d4d7; color: #fffff; text-align: center}</HeaderText>
                        <Format>
                            <ColumnStartPDF></ColumnStartPDF>
                            <justify>center</justify>
                            <ColumnWidthPDF></ColumnWidthPDF>
                            <ShowInPDF>yes</ShowInPDF>
                            <ShowInHTML>no</ShowInHTML>
                        </Format>
                    </PageHeader>
                    <PageHeader>
                        <LineNumber>1</LineNumber>
                        <HeaderText>{poblemp}, date('d-m-Y H:i:s') Página: {PAGE}{STYLE font-size:10pt;}</HeaderText>
                        <Format>
                            <ColumnStartPDF></ColumnStartPDF>
                            <justify>right</justify>
                            <ColumnWidthPDF></ColumnWidthPDF>
                            <ShowInPDF>yes</ShowInPDF>
                            <ShowInHTML>no</ShowInHTML>
                        </Format>
                    </PageHeader>
                    <PageHeader>
                        <LineNumber>3</LineNumber>
                        <HeaderText>{numero2}{STYLE border-width: 1 0 1 0; margin: 15px 0px 0px 0px; border-color: #d1d4d7; font-size: 10; border-style: solid;padding:5px 0px 5px 0px; height:1cm; background-color: #d1d4d7; color: #fffff; text-align: center}</HeaderText>
                        <Format>
                            <ColumnStartPDF></ColumnStartPDF>
                            <justify>center</justify>
                            <ColumnWidthPDF></ColumnWidthPDF>
                            <ShowInPDF>yes</ShowInPDF>
                            <ShowInHTML>no</ShowInHTML>
                        </Format>
                    </PageHeader>
                </PageHeaders>
                <PageFooters>
                    <PageFooter>
                        <LineNumber>2</LineNumber>
                        <FooterText>{agnom}{STYLE border-width: 1 0 0 0; margin: 40 0 0 0; font-style: italic; font-size: 9}</FooterText>
                        <Format>
                            <ColumnStartPDF></ColumnStartPDF>
                            <justify>center</justify>
                            <ColumnWidthPDF></ColumnWidthPDF>
                            <ShowInPDF>yes</ShowInPDF>
                            <ShowInHTML>yes</ShowInHTML>
                        </Format>
                    </PageFooter>
                </PageFooters>
                <DisplayOrders>
                    <DisplayOrder>
                        <ColumnName>idpresupuesto</ColumnName>
                        <OrderNumber>1</OrderNumber>
                    </DisplayOrder>
                    <DisplayOrder>
                        <ColumnName>codcliente</ColumnName>
                        <OrderNumber>2</OrderNumber>
                    </DisplayOrder>
                    <DisplayOrder>
                        <ColumnName>nombrecliente</ColumnName>
                        <OrderNumber>3</OrderNumber>
                    </DisplayOrder>
                    <DisplayOrder>
                        <ColumnName>direccion</ColumnName>
                        <OrderNumber>4</OrderNumber>
                    </DisplayOrder>
                    <DisplayOrder>
                        <ColumnName>ciudad</ColumnName>
                        <OrderNumber>5</OrderNumber>
                    </DisplayOrder>
                    <DisplayOrder>
                        <ColumnName>numero2</ColumnName>
                        <OrderNumber>6</OrderNumber>
                    </DisplayOrder>
                    <DisplayOrder>
                        <ColumnName>cifnif</ColumnName>
                        <OrderNumber>7</OrderNumber>
                    </DisplayOrder>
                    <DisplayOrder>
                        <ColumnName>total</ColumnName>
                        <OrderNumber>8</OrderNumber>
                    </DisplayOrder>
                    <DisplayOrder>
                        <ColumnName>totaliva</ColumnName>
                        <OrderNumber>9</OrderNumber>
                    </DisplayOrder>
                    <DisplayOrder>
                        <ColumnName>provincia</ColumnName>
                        <OrderNumber>10</OrderNumber>
                    </DisplayOrder>
                    <DisplayOrder>
                        <ColumnName>codigo</ColumnName>
                        <OrderNumber>11</OrderNumber>
                    </DisplayOrder>
                    <DisplayOrder>
                        <ColumnName>pvptotal</ColumnName>
                        <OrderNumber>12</OrderNumber>
                    </DisplayOrder>
                    <DisplayOrder>
                        <ColumnName>ivalinea</ColumnName>
                        <OrderNumber>13</OrderNumber>
                    </DisplayOrder>
                    <DisplayOrder>
                        <ColumnName>pvp</ColumnName>
                        <OrderNumber>14</OrderNumber>
                    </DisplayOrder>
                    <DisplayOrder>
                        <ColumnName>m_precio</ColumnName>
                        <OrderNumber>15</OrderNumber>
                    </DisplayOrder>
                    <DisplayOrder>
                        <ColumnName>dtopor</ColumnName>
                        <OrderNumber>16</OrderNumber>
                    </DisplayOrder>
                    <DisplayOrder>
                        <ColumnName>SumaDtos</ColumnName>
                        <OrderNumber>17</OrderNumber>
                    </DisplayOrder>
                    <DisplayOrder>
                        <ColumnName>pvpsindto</ColumnName>
                        <OrderNumber>18</OrderNumber>
                    </DisplayOrder>
                    <DisplayOrder>
                        <ColumnName>cant</ColumnName>
                        <OrderNumber>19</OrderNumber>
                    </DisplayOrder>
                    <DisplayOrder>
                        <ColumnName>m_cant</ColumnName>
                        <OrderNumber>20</OrderNumber>
                    </DisplayOrder>
                    <DisplayOrder>
                        <ColumnName>impuestos</ColumnName>
                        <OrderNumber>21</OrderNumber>
                    </DisplayOrder>
                    <DisplayOrder>
                        <ColumnName>Inilinea</ColumnName>
                        <OrderNumber>22</OrderNumber>
                    </DisplayOrder>
                    <DisplayOrder>
                        <ColumnName>totallinea</ColumnName>
                        <OrderNumber>23</OrderNumber>
                    </DisplayOrder>
                    <DisplayOrder>
                        <ColumnName>descripcion</ColumnName>
                        <OrderNumber>24</OrderNumber>
                    </DisplayOrder>
                    <DisplayOrder>
                        <ColumnName>telefono1</ColumnName>
                        <OrderNumber>25</OrderNumber>
                    </DisplayOrder>
                    <DisplayOrder>
                        <ColumnName>telefono2</ColumnName>
                        <OrderNumber>26</OrderNumber>
                    </DisplayOrder>
                    <DisplayOrder>
                        <ColumnName>codpago</ColumnName>
                        <OrderNumber>27</OrderNumber>
                    </DisplayOrder>
                    <DisplayOrder>
                        <ColumnName>neto</ColumnName>
                        <OrderNumber>28</OrderNumber>
                    </DisplayOrder>
                    <DisplayOrder>
                        <ColumnName>observaciones</ColumnName>
                        <OrderNumber>29</OrderNumber>
                    </DisplayOrder>
                    <DisplayOrder>
                        <ColumnName>descfpago</ColumnName>
                        <OrderNumber>30</OrderNumber>
                    </DisplayOrder>
                    <DisplayOrder>
                        <ColumnName>idemp</ColumnName>
                        <OrderNumber>31</OrderNumber>
                    </DisplayOrder>
                    <DisplayOrder>
                        <ColumnName>diremp</ColumnName>
                        <OrderNumber>32</OrderNumber>
                    </DisplayOrder>
                    <DisplayOrder>
                        <ColumnName>cpemp</ColumnName>
                        <OrderNumber>33</OrderNumber>
                    </DisplayOrder>
                    <DisplayOrder>
                        <ColumnName>poblemp</ColumnName>
                        <OrderNumber>34</OrderNumber>
                    </DisplayOrder>
                    <DisplayOrder>
                        <ColumnName>telemp</ColumnName>
                        <OrderNumber>35</OrderNumber>
                    </DisplayOrder>
                    <DisplayOrder>
                        <ColumnName>webemp</ColumnName>
                        <OrderNumber>36</OrderNumber>
                    </DisplayOrder>
                    <DisplayOrder>
                        <ColumnName>piefacemp</ColumnName>
                        <OrderNumber>37</OrderNumber>
                    </DisplayOrder>
                    <DisplayOrder>
                        <ColumnName>codagente</ColumnName>
                        <OrderNumber>38</OrderNumber>
                    </DisplayOrder>
                    <DisplayOrder>
                        <ColumnName>agnom</ColumnName>
                        <OrderNumber>39</OrderNumber>
                    </DisplayOrder>
                    <DisplayOrder>
                        <ColumnName>agmail</ColumnName>
                        <OrderNumber>40</OrderNumber>
                    </DisplayOrder>
                    <DisplayOrder>
                        <ColumnName>totaldto</ColumnName>
                        <OrderNumber>41</OrderNumber>
                    </DisplayOrder>
                </DisplayOrders>
                <Groups>
                    <Group>
                        <GroupName>codcliente</GroupName>
                        <BeforeGroupHeader>blankline</BeforeGroupHeader>
                        <AfterGroupHeader>blankline</AfterGroupHeader>
                        <BeforeGroupTrailer>blankline</BeforeGroupTrailer>
                        <AfterGroupTrailer>blankline</AfterGroupTrailer>
                        <GroupHeaders>
                            <GroupHeader>
                                <GroupHeaderColumn>nombrecliente</GroupHeaderColumn>
                                <GroupHeaderCustom></GroupHeaderCustom>
                            </GroupHeader>
                            <GroupHeader>
                                <GroupHeaderColumn>direccion</GroupHeaderColumn>
                                <GroupHeaderCustom></GroupHeaderCustom>
                            </GroupHeader>
                            <GroupHeader>
                                <GroupHeaderColumn>ciudad</GroupHeaderColumn>
                                <GroupHeaderCustom></GroupHeaderCustom>
                            </GroupHeader>
                            <GroupHeader>
                                <GroupHeaderColumn>cifnif</GroupHeaderColumn>
                                <GroupHeaderCustom></GroupHeaderCustom>
                            </GroupHeader>
                            <GroupHeader>
                                <GroupHeaderColumn>telefono1</GroupHeaderColumn>
                                <GroupHeaderCustom></GroupHeaderCustom>
                            </GroupHeader>
                        </GroupHeaders>
                        <GroupTrailers>
                            <GroupTrailer>
                                <GroupTrailerDisplayColumn>descripcion</GroupTrailerDisplayColumn>
                                <GroupTrailerValueColumn>neto</GroupTrailerValueColumn>
                                <GroupTrailerCustom></GroupTrailerCustom>
                            </GroupTrailer>
                        </GroupTrailers>
                    </Group>
                </Groups>
                <Graphs></Graphs>
            </Output>
        </EntryForm>
    </ReportQuery>
</Report>